RefCode;Author;Year;Type;Reference;BatVouchers;FlyVouchers;AssociatedReferences;;;;;;;;;;;;;;;;;
BFR001;Abundes-Gallegos et al.;2018;Article;Abundes-Gallegos, J., M. Salas-Rojas, G. Galvez-Romero, L. Perea-Martínez, C. Y. Obregón-Morales, J. B. Morales-Malacara, B. B. Chomel, M. J. Stuckey, H. Moreno-Sandoval, A. García-Baltazar, B. Nogueda-Torres, G. Zuñiga, and A. Aguilar-Setién. 2018. Detection of Dengue Virus in Bat Flies (Diptera: Streblidae) of Common Vampire Bats, Desmodus rotundus , in Progreso, Hidalgo, Mexico. Vector-Borne and Zoonotic Diseases 18:70–73.;NA;NA;NA;;;;;;;;;;;;;;;;;
BFR002;Ascuntar-Osnas et al.;2020;Article;Ascuntar-Osnas, O., S. Montoya-Bustamante, and B. González-Chávez. 2020. Records of Streblidae (Diptera: Hippoboscoidea) in a tropical dry forest fragment in Colombia. Biota Colombiana 21:16–27.;Colección de Mamíferos de la Universidad del Valle (UV), Colombia.;Museo de Entomología de la Universidad del Valle (MUSENUV), Colombia.;NA;;;;;;;;;;;;;;;;;
BFR003;Autino et al.;2009;Article;Autino, A. G., G. L. Claps, M. S. Sánchez, and R. M. Barquez. 2009. New records of bat ectoparasites (Diptera, Hemiptera and Siphonaptera) from northern Argentina. Neotropical Entomology 38:165–177.;"Colección Mamíferos Lillo (CML), Facultad de Ciencias Naturales e Instituto Miguel Lillo, Universidad Nacional de Tucumán, Argentina; and at the Museo de La Plata (MLP), La Plata, Argentina.";Colección Mamíferos Lillo (CML) annexes, Argentina;NA;;;;;;;;;;;;;;;;;
BFR004;Autino et al.;2011;Article;Autino, A. G., G. L. Claps, R. M. Barquez, and M. M. Díaz. 2011. Ectoparasitic insects (Diptera: Streblidae and Siphonaptera: Ischnopsyllidae) of bats from Iquitos and surrounding areas (Loreto, Peru). Memórias do Instituto Oswaldo Cruz 106:917–925.;Museo de Historia Natural de San Marcos, Lima, Peru and the Colección Mamíferos Lillo (CML), Tucumán, Argentina;Annexes section of the Colección Mamíferos Lillo (CML), Argentina;NA;;;;;;;;;;;;;;;;;
BFR005;Autino et al.;2020;Article;Autino, A. G., F. M. Idoeta, G. L. Claps, and R. M. Barquez. 2020. Ectoparasite insects of bats from the fields and weedlands eco-region of Argentina. Papéis Avulsos de Zoologia 60:e20206064.;Colección Mamíferos Lillo (CML), Universidad Nacional de Tucumán, and in the Colección de Mastozoología del Museo de La Plata (Facultad de Ciencias Naturales y Museo, Universidad Nacional de La Plata, Buenos Aires), Argentina.;CML Annexes Section, Argentina.;NA;;;;;;;;;;;;;;;;;
BFR006;Azevedo & Linardi;2002;Article;Azevedo, A. A., and P. M. Linardi. 2002. Streblidae (Diptera) of Phyllostomid Bats from Minas Gerais, Brazil. Memórias do Instituto Oswaldo Cruz 97:421–422.;NA;Department of Parasitology and Department of Zoology, UFMG, Belo Horizonte, MG, Brazil.;NA;;;;;;;;;;;;;;;;;
BFR007;Barbier et al.;2016;Article;Barbier, E., J. G. Prado-Neto, and E. Bernard. 2016. Records of Bat Flies (Diptera: Nycteribiidae and Streblidae) in the Semi-Arid Caatinga in the State of Paraíba, Northeastern Brazil. Neotropical Entomology 45:740–745.;Mammal Collection of the Federal University of Pernambuco, Brazil;Entomological Collection of Federal University of Pernambuco (CE-UFPE). Brazil.;NA;;;;;;;;;;;;;;;;;
BFR008;Barbier et al.;2021;Article;Barbier, E., F. Falcão, and E. Bernard. 2021. Bat-ectoparasitic fly relationships in a seasonally dry tropical forest in Brazil. Parasitology Research 120:3507–3517.;NA;NA;NA;;;;;;;;;;;;;;;;;
BFR009;Barbier & Graciolli;2016;Article;Barbier, E., and G. Graciolli. 2016. Community of bat flies (Streblidae and Nycteribiidae) on bats in the Cerrado of Central-West Brazil: hosts, aggregation, prevalence, infestation intensity, and infracommunities. Studies on Neotropical Fauna and Environment 51:176–187.;Zoological Reference Collection of the Universidade Federal de Mato Grosso do Sul (ZUFMS), Brazil.;NA;NA;;;;;;;;;;;;;;;;;
BFR010;Barbier et al.;2019;Article;Barbier, E., G. Graciolli, and E. Bernard. 2019. Structure and composition of Nycteribiidae and Streblidae flies on bats along an environmental gradient in northeastern Brazil. Canadian Journal of Zoology 97:409–418.;Mammal Collection (UFPE) of Universidade Federal de Pernambuco, Brazil;Entomological Collection (CE–UFPE) of Universidade Federal de Pernambuco, Brazil.;NA;;;;;;;;;;;;;;;;;
BFR011;Barbier et al.;2018;Article;Barbier, E., F. Hintze, A. C. Jardelino, and E. Bernard. 2018. First Record of the Bat Ectoparasitic Fly Strebla proxima Wenzel, 1976 (Diptera: Streblidae) from Brazil. Entomological News 127:369–374.;NA;Entomological Collection of the Federal University of Pernambuco (CE-UFPE), Brazil.;NA;;;;;;;;;;;;;;;;;
BFR012;Barbier et al.;2019;Article;Barbier, E., H. Nunes, P. A. da Rocha, F. L. Rocha, and P. Cordeiro-Estrela. 2019. Updated species list of the bat ectoparasitic flies (Diptera: Nycteribiidae and Streblidae) in the state of Paraíba, Northeastern Brazil. Revista Mexicana de Biodiversidad 90.;NA;Entomological Collection of the Federal University of Pernambuco (CE-UFPE), Brazil.;NA;;;;;;;;;;;;;;;;;
BFR013;Barbier et al.;2017;Article;Barbier, E., A. Q. S. de Souza, J. P. Bezerra, J. O. F. Dos Santos, and W. R. T. Júnior. 2017. New Record, New Host, and Geographic Distribution of Basilia hughscotti Guimarães, 1946 (Diptera: Nycteribiidae). Entomological News 126:394–399.;NA;Entomological Collection of the Federal University of Pernambuco (CE-UFPE), Brazil.;NA;;;;;;;;;;;;;;;;;
BFR014;Barbier et al.;2019;Article;Barbier, E., G. L. Urbieta, H. Nunes, S. S. Bomfim, and P. A. Da Rocha. 2019. High Specificity and Aggregation, But Low Prevalence in Bat-Fly Interactions in an Environmental Protection Area in Brazil. Acta Chiropterologica 21:443.;Mammal Collection of the Federal University of Sergipe (CMUFS), Brazil;Entomological Collection of the Federal University of Pernambuco (CE-UFPE), Brazil.;NA;;;;;;;;;;;;;;;;;
BFR015;Bendjeddou et al;2017;Article;Bendjeddou, M. L., H. A. Loumassine, I. Scheffler, Z. Bouslama, and Z. Amr. 2017. Bat ectoparasites (Nycteribiidae, Streblidae, Siphonaptera, Heteroptera, Mesostigmata, Argasidae, and Ixodidae) from Algeria. Journal of Vector Ecology 42:13–23.;NA;NA;NA;;;;;;;;;;;;;;;;;
BFR016;Bertola et al.;2005;Article;Bertola, P. B., C. C. Aires, S. E. Favorito, G. Graciolli, M. Amaku, and R. Pinto-da-Rocha. 2005. Bat flies (Diptera: Streblidae, Nycteribiidae) parasitic on bats (Mammalia: Chiroptera) at Parque Estadual da Cantareira, São Paulo, Brazil: parasitism rates and host-parasite associations. Memórias do Instituto Oswaldo Cruz 100:25–32.;Ectoparasite collection of the Museu de Zoologia da Universidade de São Paulo (MZSP);NA;NA;;;;;;;;;;;;;;;;;
BFR017;Bezerra & Bocchiglieri;2018;Article;Bezerra, R. H. S., and A. Bocchiglieri. 2018. Association of ectoparasites (Diptera and Acari) on bats (Mammalia) in a restinga habitat in northeastern Brazil. Parasitology Research 117:3413–3420.;NA;NA;NA;;;;;;;;;;;;;;;;;
BFR018;Bezerra et al.;2016;Article;Bezerra, R. H. S., P. F. de Vasconcelos, and A. Bocchiglieri. 2016. Ectoparasites of bats (Mammalia: Chiroptera) in Atlantic forest fragments in north-eastern Brazil. Parasitology Research 115:3759–3765.;NA;NA;NA;;;;;;;;;;;;;;;;;
BFR019;Bolívar-Cimé et al.;2018;Article;Bolívar-Cimé, B., A. Cuxim-Koyoc, E. Reyes-Novelo, J. B. Morales-Malacara, J. Laborde, and R. Flores-Peredo. 2018. Habitat fragmentation and the prevalence of parasites (Diptera, Streblidae) on three Phyllostomid bat species. Biotropica 50:90–97.;NA;NA;NA;;;;;;;;;;;;;;;;;
BFR020;Brook et al.;2015;Article;Brook, C. E., Y. Bai, A. P. Dobson, L. M. Osikowicz, H. C. Ranaivoson, Q. Zhu, M. Y. Kosoy, and K. Dittmar. 2015. Bartonella spp. in Fruit Bats and Blood-Feeding Ectoparasites in Madagascar. PLOS Neglected Tropical Diseases 9:e0003532.;NA;NA;NA;;;;;;;;;;;;;;;;;
BFR021;Camilotti et al.;2010;Article;Camilotti, V., G. Graciolli, M. Weber, J. Arruda, and N. Cáceres. 2010. Bat flies from the deciduous Atlantic Forest in southern Brazil: Host-parasite relationships and parasitism rates. Acta Parasitologica 55:194–200.;NA;Coleção de Referência Zoológica da Universidade Federal do Mato Grosso do Sul (ZUFMS);NA;;;;;;;;;;;;;;;;;
BFR022;Chilton et al.;2000;Article;Chilton, G., M. J. Vonhof, B. V. Peterson, and N. Wilson. 2000. Ectoparasitic insects of bats in British Columbia, Canada. Journal of Parasitology 86:191–192.;NA;NA;NA;;;;;;;;;;;;;;;;;
BFR023;Colín-Martínez et al.;2018;Article;Colín-Martínez, H., J. B. Morales-Malacara, and C. García-Estrada. 2018. Epizoic Fauna Survey on Phyllostomid Bats (Chiroptera: Phyllostomidae) in a Shaded Coffee Plantation of Southeastern Chiapas, Mexico. Journal of Medical Entomology 55:172–182.;NA;NA;NA;;;;;;;;;;;;;;;;;
BFR024;Cordero-Schmidt et al.;2017;Article;Cordero-Schmidt, E., E. Barbier, J. C. Vargas-Mena, P. P. Oliveira, F. D. A. R. Santos, R. A. Medellín, B. R. Herrera, and E. M. Venticinque. 2017. Natural History of the Caatinga Endemic Vieira’s Flower Bat, Xeronycteris vieirai. Acta Chiropterologica 19:399–408.;Mammal Collection of the Universidade Federal do Rio Grande do Norte, Mammal Collection of the Universidade Federal de Pernambuco;NA;NA;;;;;;;;;;;;;;;;;
BFR025;Cuxim-Koyoc et al;2016;Article;Cuxim-Koyoc, A., E. Reyes-Novelo, M. C. Macswiney, and P. A. Aguilar-Rodríguez. 2016. Nuevos registros de Streblidae (Diptera: Hippoboscoidea) para México. Revista Colombiana de Entomología 42:192.;NA;Laboratorio de Zoonosis y Otras Enfermedades Transmitidas por Vector [LZOO] del Centro de Investigaciones Regionales “Dr. Hideyo Noguchi” de la Universidad Autónoma de Yucatán.;NA;;;;;;;;;;;;;;;;;
BFR026;Cuxim-Koyoc et al;2018;Article;Cuxim-Koyoc, A., E. Reyes-Novelo, M. C. MacSwiney, and J. M. Pech-Canché. 2018. Moscas ectoparásitas de murciélagos (Diptera: Streblidae y Nycteribiidae) del Valle de Uxpanapa, Veracruz, México. Revista Mexicana de Biodiversidad 89:199–205.;NA;Laboratorio de Zoonosis y Otras Enfermedades Transmitidas por Vector del Centro de Investigaciones Regionales “Hideyo Noguchi” de la Universidad Autónoma de Yucatán;NA;;;;;;;;;;;;;;;;;
BFR027;Cuxim-Koyoc et al;2015;Article;Cuxim-Koyoc, A., E. Reyes-Novelo, J. B. Morales-Malacara, B. Bolívar-Cimé, and J. Laborde. 2015. Streblidae (Diptera: Hippoboscoidea) from Yucatan and Updated Species List for Mexico. Journal of Medical Entomology 52:947–961.;NA;Laboratorio de Zoonosis y Otras Enfermedades Transmitidas por Vector del Centro de Investigaciones Regionales “Hideyo Noguchi” de la Universidad Autónoma de Yucatán;NA;;;;;;;;;;;;;;;;;
BFR028;da Silva Biz et al.;2021;Article;da Silva Biz, L., M. F. Cascaes, B. F. L. Luciano, G. Preuss, D. A. S. Bôlla, G. Graciolli, and F. Carvalho. 2021. Parasitic interactions between bats (Mammalia: Chiroptera) and flies (Insecta: Diptera) in the intersection area of temperate and tropical climates in Brazil. Studies on Neotropical Fauna and Environment 00:1–10.;Laboratório de Zoologia e Ecologia de Vertebrados (LABZEV) from the Universidade do Extremo Sul Catarinense (UNESC);Laboratório de Sistemática, Ecologia e Evolução (LSEE) of the Universidade Federal do Mato Grosso do Sul;NA;;;;;;;;;;;;;;;;;
BFR029;de Groot et al.;2020;Article;de Groot, M. D., I. Dumolein, T. Hiller, A. D. Sándor, T. Szentiványi, M. Schilthuizen, M. C. Aime, A. Verbeken, and D. Haelewaters. 2020. On the Fly: Tritrophic Associations of Bats, Bat Flies, and Fungi. Journal of Fungi 6:361.;NA;NA;;;;;;;;;;;;;;;;;;
BFR030;de Vasconcelos et al.;2016;Article;de Vasconcelos, P. F., L. A. D. Falcão, G. Graciolli, and M. A. Z. Borges. 2016. Parasite-host interactions of bat flies (Diptera: Hippoboscoidea) in Brazilian tropical dry forests. Parasitology Research 115:367–377.;NA;Laboratory of Ecology and Biological Control of Insects (LECB) of the State University of Montes Claros (Unimontes);;;;;;;;;;;;;;;;;;
BFR031;Dias et al.;2009;Article;Dias, P. A., C. L. C. dos Santos, F. S. Rodrigues, L. C. Rosa, K. S. Lobato, and J. M. M. Rebêlo. 2009. Espécies de moscas ectoparasitas (Diptera, Hippoboscoidea) de morcegos (Mammalia, Chiroptera) no estado do Maranhão. Revista Brasileira de Entomologia 53:128–133.;NA;"Coleção Universidade Federal do Maranhão e Universidade Federal do Mato
Grosso do Sul";;;;;;;;;;;;;;;;;;
BFR032;Alvarez et al.;2016;Article;Alvarez, J. D. V., I. L. Lit, P. A. Alviola, E. A. Cosico, and E. G. Eres. 2016. A contribution to the ectoparasite fauna of bats (Mammalia: Chiroptera) in Mindoro Island, Philippines: I. Blood sucking Diptera (Nycteribiidae, Streblidae) and Siphonaptera (Ischnopsyllidae). International Journal of Tropical Insect Science 36:188–194.;University of the Philippines Los Baños Museum of Natural History (UPLBMNH);the Entomological Collections, University of the Philippines Los Baños Museum of Natural History (UPLBMNH) ;;;;;;;;;;;;;;;;;;
BFR033;Dick & Gettinger;2005;Article;Dick, C. W., and D. Gettinger. 2005. A FAUNAL SURVEY OF STREBLID FLIES (DIPTERA: STREBLIDAE) ASSOCIATED WITH BATS IN PARAGUAY. Journal of Parasitology 91:1015–1024.;NA;NA;;;;;;;;;;;;;;;;;;
BFR034;Dittmar et al.;2009;Article;Dittmar, K., C. W. Dick, B. D. Patterson, M. F. Whiting, and M. E. Gruwell. 2009. Pupal Deposition and Ecology of Bat Flies (Diptera: Streblidae): Trichobius sp. (Caecus Group) in a Mexican Cave Habitat. Journal of Parasitology 95:308–314.;NA;NA;;;;;;;;;;;;;;;;;;
BFR035;do Amaral et al.;2018;Article;do Amaral, R. B., E. C. Lourenço, K. M. Famadas, A. B. Garcia, R. Z. Machado, and M. R. André. 2018. Molecular detection of Bartonella spp. and Rickettsia spp. in bat ectoparasites in Brazil. PLOS ONE 13:e0198629.;NA;NA;;;;;;;;;;;;;;;;;;
BFR036;Dornelles et al.;2017;Article;Dornelles, G. D. P., G. Graciolli, A. Odon, and M. O. Bordignon. 2017. Infracommunities of Streblidae and Nycteribiidae (Diptera) on bats in an ecotone area between Cerrado and Atlantic Forest in the state of Mato Grosso do Sul. Iheringia. Série Zoologia 107.;Coleção Zoológica de Referência da Universidade Federal de Mato Grosso do Sul (ZUFMS);Coleção Zoológica de Referência da Universidade Federal de Mato Grosso do Sul (ZUFMS);;;;;;;;;;;;;;;;;;
BFR037;Dornelles et al.;2017;Article;Dornelles, G. D. P., and G. Graciolli. 2017. Streblid bat flies on phyllostomid bats from an island off the coast of São Paulo, Brazil. Papéis Avulsos de Zoologia (São Paulo) 57:31.;NA;NA;;;;;;;;;;;;;;;;;;
BFR038;Duran et al.;2019;Article;Durán, A. A., R. A. Saldaña-Vázquez, G. Graciolli, and L. C. Peinado. 2019. Specialization and Modularity of a Bat Fly Antagonistic Ecological Network in a Dry Tropical Forest in Northern Colombia. Acta Chiropterologica 20:503.;NA;Coleção Zoológica de Referência da Universidade Federal de Mato Grosso do Sul (ZUFMS), Cam po Grande (Brazil) and at the Entomology Laboratory of the Sucre University (LEUS), in Sincelejo (Colombia).;;;;;;;;;;;;;;;;;;
BFR039;Eriksson et al.;2011;Article;Eriksson, A., G. Graciolli, and E. Fischer. 2011. Bat flies on phyllostomid hosts in the Cerrado region: component community, prevalence and intensity of parasitism. Memórias do Instituto Oswaldo Cruz 106:274–278.;zoological collection at the Federal University of Mato Grosso do Sul (ZUFMS);zoological collection at the Federal University of Mato Grosso do Sul (ZUFMS);;;;;;;;;;;;;;;;;;
BFR040;Esbérard et al.;2012;Article;Esbérard, C. E. L., D. Astúa, L. Geise, L. M. Costa, and L. G. Pereira. 2012. Do young Carollia perspicillata (Chiroptera: Phyllostomidae) present higher infestation rates of Streblidae (Diptera)? Brazilian journal of biology 72:617–21.;Laboratório de Diversidade de Morcegos, in Universidade Federal Rural do Rio de Janeiro.;Laboratório de Diversidade de Morcegos reference collection;;;;;;;;;;;;;;;;;;
BFR041;Esbérard et al.;2014;Article;Esbérard, C. E. L., T. C. Biavatti, W. D. Carvalho, L. de M. Costa, M. de S. Godoy, L. A. C. Gomes, J. L. Luz, A. Pol, E. P. Silva, G. K. Tato, and G. Graciolli. 2014. Trichobius longipes (Diptera, Streblidae) as a parasite of Phyllostomus hastatus(Chiroptera, Phyllostomidae). Revista Brasileira de Parasitologia Veterinária 23:315–319.;NA;reference collection of the Federal University of Mato Grosso;;;;;;;;;;;;;;;;;;
BFR042;Estrada-Peña and Serra-Cobo;1991;Article;Estrada-Peña, A., and J. Serra-Cobo. 1991. The Acarina and Nycteribidia zones of Miniopterus schreibersi Kuhl (Mammalia: Chiroptera) in the Northeast of Spain. Folia Parasitologica 38:345–354.;NA;NA;;;;;;;;;;;;;;;;;;
BFR043;Estrada-Villegas et al.;2018;Article;Estrada-Villegas, S., T. K. Halczok, M. Tschapka, R. A. Page, S. D. Brändel, and T. Hiller. 2018. Bats and their Bat Flies: Community Composition and Host Specificity on a Pacific Island Archipelago. Acta Chiropterologica 20:161–176.;NA;NA;;;;;;;;;;;;;;;;;;
BFR044;Fagundes et al.;2017;Article;Fagundes, R., Y. Antonini, and L. M. S. Aguiar. 2017. Overlap in cave usage and period of activity as factors structuring the interactions between bats and ectoparasites. Zoological Studies 56.;NA;NA;;;;;;;;;;;;;;;;;;
BFR045;Archer & Cardinal;2001;Article;Archer, M. S., and B. R. Cardinal. 2001. Seasonal reproduction and host infestation rates for nycteribiids of the large bentwing bat. Medical and Veterinary Entomology 15:452–454.;NA;NA;;;;;;;;;;;;;;;;;;
BFR046;França et al.;2013;Article;França, D., S. Pereira, A. Maas, M. Martins, D. Bolzan, I. Lima, D. Dias, and A. Peracchi. 2013. Ectoparasitic flies (Diptera, Streblidae) of bats (Chiroptera, Phyllostomidae) in an Atlantic Forest area, southeastern Brazil. Brazilian Journal of Biology 73:847–854.;Adriano Lúcio Peracchi Collection (ALP), in the Institute of Biology, Universidade Federal Rural do Rio de Janeiro (UFRRJ);Adriano Lúcio Peracchi Collection (ALP), in the Institute of Biology, Universidade Federal Rural do Rio de Janeiro (UFRRJ);;;;;;;;;;;;;;;;;;
BFR047;Frank et al.;2016;Article;Frank, H. K., C. D. Mendenhall, S. D. Judson, G. C. Daily, and E. A. Hadly. 2016. Anthropogenic impacts on Costa Rican bat parasitism are sex specific. Ecology and Evolution 6:4898–4909.;NA;NA;;;;;;;;;;;;;;;;;;
BFR048;Graciolli & Bianconi;2007;Article;Graciolli, G., and G. V. Bianconi. 2007. Moscas ectoparasitas (Diptera, Streblidae e Nycteribiidae) em morcegos (Mammalia, Chiroptera) em área de Floresta com Araucária no Estado do Paraná, sul do Brasil. Revista Brasileira de Zoologia 24:246–249.;NA;NA;;;;;;;;;;;;;;;;;;
BFR049;Graciolli & Dick;2012;Article;"Graciolli, G., and C. W. Dick. 2012. Description of a second species of Joblingia Dybas &amp; Wenzel, 1947 (Diptera: Streblidae). Systematic Parasitology 81:187–193.";NA;" MZSP, Museu de Zoologia da Universidade de São Paulo, São Paulo, Brasil; DZUP, Coleção de Entomologia Padre Jesus Santiago Moure, Curitiba, Brasil.";;;;;;;;;;;;;;;;;;
BFR050;Graciolli & Dick;2009;Article;Graciolli, G., and C. W. Dick. 2009. A new species of Basilia Miranda-Ribeiro (Diptera: Nycteribiidae) from Honduras, parasite of Bauerus dubiaquercus (Van Gelder) (Chiroptera: Vespertilionidae: Antrozoinae). Zootaxa 1972:59–64.;NA;Carnegie Museum of Natural History, Pittsburg, Pennsylvania, USA (CM);;;;;;;;;;;;;;;;;;
BFR051;Graciolli et al.;2019;Article;Graciolli, G., R. Guerrero, and F. Catzeflis. 2019. Streblid bat flies (Diptera) and other ectoparasites on bats (Mammalia: Chiroptera) from French Guiana. Biota Neotropica 19.;Museum d’Histoire Naturelle de Genève (MHNG);Coleção Zoológica de Referência da Universidade Federal de Mato Grosso do Sul, Campo Grande (Brazil), Colección de Parasitología del Museo de Ciencias de la Universidad Central de Venezuela (MBUCV) and also at Institut des Sciences de l’Evolution, Université de Montpellier (France);;;;;;;;;;;;;;;;;;
BFR052;Graciolli et al.;2006;Article;Graciolli, G., F. C. Passos, W. A. Pedro, and B. K. Lim. 2006. Moscas ectoparasitas (Diptera, Streblidae) de morcegos filostomídeos (Mammalia, Chiroptera) na Estação Ecológica dos Caetetus, São Paulo, Brasil. Revista Brasileira de Zoologia 23:298–299.;NA;Coleção de Entomologia Padre Jesus Santiago Moure do Departamento de Zoologia, Universidade Federal do Paraná, Curitiba.;"Pedro, W.A., Passos F.C. & B.K Lim. 2001. Morcegos (Chiroptera; Mammalia) da Estação Ecológica dos Caetetus, Estado de São Paulo. Chiroptera Neotropical, Brasília, 7: 136-140";;;;;;;;;;;;;;;;;
BFR053;Graciolli et al.;2010;Article;Graciolli, G., M. Zortéa, and L. F. A. da C. Carvalho. 2010. Bat flies (Diptera, Streblidae and Nycteribiidae) in a Cerrado area of Goiás State, Brazil. Revista Brasileira de Entomologia 54:511–514.;NA;NA;;;;;;;;;;;;;;;;;;
BFR054;Guzman et al.;2003;Article;Guzmán-Cornejo, C., L. García-Prieto, G. Pérez-Ponce De León, and J. B. Morales-Malacara. 2003. Parasites of Tadarida brasiliensis mexicana (Chiroptera: Molossidae) from Arid Regions of Mexico. Comparative Parasitology 70:11–25.;NA;NA;;;;;;;;;;;;;;;;;;
BFR055;Haelewaters et al.;2017;Article;Haelewaters, D., W. P. Pfliegler, T. Szentiványi, M. Földvári, A. D. Sándor, L. Barti, J. J. Camacho, G. Gort, P. Estók, T. Hiller, C. W. Dick, and D. H. Pfister. 2017. Parasites of parasites of bats: Laboulbeniales (Fungi: Ascomycota) on bat flies (Diptera: Nycteribiidae) in central Europe. Parasites & Vectors 10:96.;NA;Eszterházy Károly University (Hungary);Sándor, A. D., M. Földvári, A. I. Krawczyk, H. Sprong, A. Corduneanu, L. Barti, T. Görföl, P. Estók, D. Kováts, S. Szekeres, Z. László, S. Hornok, and G. Földvári. 2018. Eco-epidemiology of Novel Bartonella Genotypes from Parasitic Flies of Insectivorous Bats. Microbial Ecology 76:1076–1088. Szentiványi, T., P. Estók, and M. Földvári. 2016. Checklist of host associations of European bat flies (Diptera: Nycteribiidae, Streblidae). Zootaxa 4205:101. Szentiványi, T., O. Vincze, and P. Estók. 2017. Density-dependent sex ratio and sex-specific preference for host traits in parasitic bat flies. Parasites & Vectors 10:405.;;;;;;;;;;;;;;;;;
BFR056;Hernandez-Arciga et al.;2016;Article;Hernández-Arciga, U., L. G. Herrera M., and J. B. Morales-Malacara. 2016. Tracking host use by bat ectoparasites with stable isotope analysis. Canadian Journal of Zoology 94:353–360.;NA;NA;;;;;;;;;;;;;;;;;;
BFR057;Hernandez-Martínez et al.;2019;Article;Hernández-Martínez, J., J. B. Morales-Malacara, M. Y. Alvarez-Añorve, S. Amador-Hernández, K. Oyama, and L. D. Avila-Cabadilla. 2019. Drivers potentially influencing host–bat fly interactions in anthropogenic neotropical landscapes at different spatial scales. Parasitology 146:74–88.;NA;Collection of the National School of Higher Education, UNAM campus Morelia (90%) and at the Morales-Malacara Collection (10%) housed at the Laboratory of Speleobiology and Acarology of the Faculty of Sciences campus Juriquilla, UNAM.;;;;;;;;;;;;;;;;;;
BFR058;Billeter et al.;2012;Article;Billeter, S. A., Hayman, D. T. S., Peel, A. J., Baker, K., Wood, J. L. N. Wood, Cunningham, A., Suu-Ire, R., Dittmar, K., and Kosoy, M. Y. (2012). Bartonella species in bat flies (Diptera: Nycteribiidae) from western Africa. Parasitoloy 139: 324-329. https://doi.org/10.1017/S0031182011002113;NA;NA;;;;;;;;;;;;;;;;;;
BFR059;Dittmar et al.;2011;Article;"Dittmar, K., Morse, S., Gruwell, M., Mayberry, J., DiBlasi, E. (2011) Spatial and Temporal Complexities of Reproductive Behavior and Sex Ratios: A Case from
Parasitic Insects. PLoS ONE 6(5): e19438. https://doi.org/10.1371/journal.pone.0019438";NA;NA;;;;;;;;;;;;;;;;;;
BFR060;Hiller et al.;2021;Article;Hiller, T., M. G. R. Vollstädt, S. D. Brändel, R. A. Page, and M. Tschapka. 2021. Bat–bat fly interactions in Central Panama: host traits relate to modularity in a highly specialised network. Insect Conservation and Diversity 14:686–699.;NA;NA;1. Hiller, T., B. Honner, R. A. Page, and M. Tschapka. 2018. Leg structure explains host site preference in bat flies (Diptera: Streblidae) parasitizing neotropical bats (Chiroptera: Phyllostomidae). Parasitology 145:1475–1482.Hiller, T., B. Honner, R. A. Page, and M. Tschapka. 2018. Leg structure explains host site preference in bat flies (Diptera: Streblidae) parasitizing neotropical bats (Chiroptera: Phyllostomidae). Parasitology 145:1475–1482. 2. Hiller, T., S. D. Brändel, B. Honner, R. A. Page, and M. Tschapka. 2020. Parasitization of bats by bat flies (Streblidae) in fragmented habitats. Biotropica 52:488–501.;;;;;;;;;;;;;;;;;
BFR061;Holz et al.;2018;Article;Holz, P. H., L. F. Lumsden, and J. Hufschmid. 2018. Ectoparasites are unlikely to be a primary cause of population declines of bent-winged bats in south-eastern Australia. International Journal for Parasitology: Parasites and Wildlife 7:423–428.;NA;NA;;;;;;;;;;;;;;;;;;
BFR062;Hosokawa et al.;2012;Article;Hosokawa, T., N. Nikoh, R. Koga, M. Satô, M. Tanahashi, X.-Y. Meng, and T. Fukatsu. 2012. Reductive genome evolution, host–symbiont co-speciation and uterine transmission of endosymbiotic bacteria in bat flies. The ISME Journal 6:577–587.;NA;NA;;;;;;;;;;;;;;;;;;
BFR063;Hrycyna et al;2019;Article;Hrycyna, G., A. C. M. Martins, and G. Graciolli. 2019. Infracommunities of bat flies (Diptera: Streblidae and Nycteribiidae) of bats (Mammalia: Chiroptera) in three conservation units in the State of Amapá, Brazil. Biota Neotropica 19.;NA;Coleção Zoológica de Referência, Universidade Federal do Mato Grosso do Sul, Campo Grande;"MARTINS, A.C.M., BERNARD, E. GREGORIN, R. 2006. Inventários biológicos rápido de morcegos (Mammalia, Chiroptera) em três unidades de conservação do Amapá, Brasil. Rev. Bras. Zool. 23:1175-1184.
MARTINS, A.C.M., BERNARD, E. GEGORIN, R. WANUYZE, A.S.S. 2011. Filling data gaps on the diversity and distribution of Amazonian bats (Chiroptera): The case of Amapá, easternmost Brazil. Zoologia. 28: 177-185.";;;;;;;;;;;;;;;;;
BFR064;Jensen et al.;2019;Article;Jensen, K. M., L. Rodrigues, T. Pape, A. Garm, S. Santamaria, and A. S. P. S. Reboleira. 2019. Hyperparasitism in caves: Bats, bat flies and ectoparasitic fungus interaction. Journal of Invertebrate Pathology 166:107206.;NA;collection of the Natural History Museum of Denmark (NHMD);;;;;;;;;;;;;;;;;;
BFR065;Judson et al.;2015;Article;Judson, S. D., H. K. Frank, and E. A. Hadly. 2015. Bartonellae are Prevalent and Diverse in Costa Rican Bats and Bat Flies. Zoonoses and Public Health 62:609–617.;NA;NA;;;;;;;;;;;;;;;;;;
BFR066;Kamani et al.;2014;Article;Kamani, J., G. Baneth, M. Mitchell, K. Y. Mumcuoglu, R. Gutiérrez, and S. Harrus. 2014. Bartonella Species in Bats (Chiroptera) and Bat Flies (Nycteribiidae) from Nigeria, West Africa. Vector-Borne and Zoonotic Diseases 14:625–632.;NA;NA;;;;;;;;;;;;;;;;;;
BFR067;Kim et al.;2012;Article;Kim, H. C., S. H. Han, C. W. Dick, Y. G. Choi, S. T. Chong, T. A. Klein, and L. M. Rueda. 2012. Geographical distribution of bat flies (Diptera: Nycteribiidae and Streblidae), including two new records, Nycteribia allotopa and N. formosana , collected from bats (Chiroptera: Rhinolophidae and Vespertilionidae) in the Republic of Korea. Journal of Vector Ecology 37:333–337.;Field museum of Natural History, Chicago;Field museum of Natural History, Chicago;;;;;;;;;;;;;;;;;;
BFR068;Komeno & Linhares;1999;Article;Komeno, C. A., and A. X. Linhares. 1999. Batflies Parasitic on Some Phyllostomid Bats in Southeastern Brazil: Parasitism Rates and Host-parasite Relationships. Memórias do Instituto Oswaldo Cruz 94:151–156.;Department of Zoology, Unesp, São José do Rio Preto, SP, Brazil;Museu de História Natural - Campinas State University”,Campinas, SP, Brazil.;;;;;;;;;;;;;;;;;;
BFR069;Krasnov et al.;2020;Article;Krasnov, B. R., K. Junker, S. Wood, E. A. Ueckermann, G. J. Venter, L. van der Mescht, H. Heyne, and D. S. Jacobs. 2020. Compositional turnover in ecto- and endoparasite assemblages of an African bat, Miniopterus natalensis (Chiroptera, Miniopteridae): effects of hierarchical scale and host sex. Parasitology 147:1728–1742.;NA;NA;;;;;;;;;;;;;;;;;;
BFR070;Kurta et al.;2007;Article;Kurta, A., J. O. Whitaker, W. J. Wrenn, and J. A. Soto-centeno. 2007. Ectoparasitic Assemblages on Mormoopid Bats (Chiroptera: Mormoopidae) from Puerto Rico. Journal of Medical Entomology 44:953–958.;NA;NA;;;;;;;;;;;;;;;;;;
BFR071;Lee et al.;2021;Article;Lee, H., M.-G. Seo, S.-H. Lee, J.-K. Oem, S.-H. Kim, H. Jeong, Y. Kim, W.-H. Jheong, O.-D. Kwon, and D. Kwak. 2021. Relationship among bats, parasitic bat flies, and associated pathogens in Korea. Parasites & Vectors 14:503.;NA;NA;;;;;;;;;;;;;;;;;;
BFR072;Lim et al.;2020;Article;Lim, Z. X., A. T. Hitch, B. P. Y.-H. Lee, D. H. W. Low, E. S. Neves, S. A. Borthwick, G. J. D. Smith, and I. H. Mendenhall. 2020. Ecology of bat flies in Singapore: A study on the diversity, infestation bias and host specificity (Diptera: Nycteribiidae). International Journal for Parasitology: Parasites and Wildlife 12:29–33.;NA;NA;;;;;;;;;;;;;;;;;;
BFR073;Lindecke & Scheffler;2011;Article;Lindecke, O., and I. Scheffler. 2011. Zur Ektoparasitenfauna der Fledermäuse in Sachsen-Anhalt. Hercynia 44:241–251.;NA;NA;;;;;;;;;;;;;;;;;;
BFR074;Lira-Olguin et al.;2021;Article;Lira-Olguin, A. Z., C. Guzmán-Cornejo, and L. León-Paniagua. 2021. Bat flies (Diptera: Streblidae) associated with phyllostomid bats (Chiroptera: Phyllostomidae) in caves in Mexico. Studies on Neotropical Fauna and Environment 56:163–175.;Colección de Mamíferos Museo de Zoología (MZFC) at Facultad de Ciencias, Universidad Nacional Autonoma de Mexico (UNAM);Colección del Laboratorio de Acarología  (LAFC) Facultad de Ciencias, Universidad Nacional Autonoma de Mexico (UNAM);;;;;;;;;;;;;;;;;;
BFR075;Lourenço & Esbérard;2011;Article;Lourenço, E. C., and C. E. L. Esbérard. 2011. Reinfestation of Streblidae ectoparasites (Diptera) in Carollia perspicillata (Linnaeus, 1758) (Chiroptera). Revista Brasileira de Parasitologia Veterinária 20:325–330.;NA;reference collection of the Bat Diversity Laboratory of the Federal Rural University of Rio de Janeiro;;;;;;;;;;;;;;;;;;
BFR076;Lourenço et al.;2020;Article;Lourenço, E. C., L. A. C. Gomes, A. de O. Viana, and K. M. Famadas. 2020. Co-occurrence of Ectoparasites (Insecta and Arachnida) on Bats (Chiroptera) in an Atlantic Forest Remnant, Southeastern Brazil. Acta Parasitologica 65:750–759.;NA;"Zoological Reference Collection of the Federal University of Mato Grosso do Sul in Campo Grande,
Mato Grosso do Sul State, and the Acarology Collection of the Butantan Institute in São Paulo, São Paulo State, Brazil";Gomes LAC, Pires ADS, Martins MA, Lourenço EC, Peracchi AL (2015) Species composition and seasonal variation in abundance of  Phyllostomidae bats (Chiroptera) in an Atlantic Forest remnant, Southeastern Brazil. Mammalia 79(1):61–68.;;;;;;;;;;;;;;;;;
BFR077;Lourenço et al.;2014;Article;Lourenço, E. C., P. M. P. Patrício, M. da C. Pinheiro, R. M. Dias, and K. M. Famadas. 2014. Streblidae (Diptera) on bats (Chiroptera) in an area of Atlantic Forest, state of Rio de Janeiro. Revista Brasileira de Parasitologia Veterinária 23:164–170.;NA;Federal University of Mato Grosso do Sul in the city of Campo Grande, Brazil.;Patrício, P. M. P., E. C. Lourenço, A. Q. de Freitas, and K. M. Famadas. 2016. Host morphophysiological conditions and environment abiotic factors correlate with bat flies (Streblidae) prevalence and intensity in Artibeus Leach, 1821 (Phyllostomidae). Ciência Rural 46:648–653. ;;;;;;;;;;;;;;;;;
BFR078;Lourenço & Palmeirim;2008;Article;Lourenço, S., and J. M. Palmeirim. 2008. Which factors regulate the reproduction of ectoparasites of temperate-zone cave-dwelling bats? Parasitology Research 104:127–134.;NA;NA;;;;;;;;;;;;;;;;;;
BFR079;Martínez et al.;2016;Article;Martínez, M. M. R., M. P. I. Lopez, L. I. Iñiguez-Dávalos, T. Yuill, M. V. Orlova, and W. K. Reeves. 2016. New records of ectoparasitic Acari (Arachnida) and Streblidae (Diptera) from bats in Jalisco, Mexico. Journal of Vector Ecology 41:309–313.;Museum of Biological Diversity, Ohio State University, Columbus, Ohio.;Museum of Biological Diversity, Ohio State University, Columbus, Ohio.;;;;;;;;;;;;;;;;;;
BFR080;Mello et al.;2021;Article;Mello, R. M., R. S. Laurindo, L. C. Silva, M. V. Pyles, M. C. S. Mancini, W. Dáttilo, and R. Gregorin. 2021. Landscape configuration and composition shape mutualistic and antagonistic interactions among plants, bats, and ectoparasites in human-dominated tropical rainforests. Acta Oecologica 112:103769.;NA;NA;;;;;;;;;;;;;;;;;;
BFR081;Moras et al.;2013;Article;Moras, L., L. Bernardi, G. Graciolli, and R. Gregorin. 2013. Bat flies (Diptera: Streblidae, Nycteribiidae) and mites (Acari) associated with bats (Mammalia: Chiroptera) in a high-altitude region in southern Minas Gerais, Brazil. Acta Parasitologica 58:556–563.;NA;Zoological Reference Collection – Center for Biological and Health Sciences/UFMS and at the Mammal Collection of the Universidade Federal de Lavras (CMUFLA);;;;;;;;;;;;;;;;;;
BFR082;Moura et al.;2003;Article;Moura, M. O., M. O. Bordignon, and G. Graciolli. 2003. Host characteristics do not affect community structure of ectoparasites on the fishing bat Noctilio leporinus (L., 1758) (Mammalia: Chiroptera). Memórias do Instituto Oswaldo Cruz 98:811–815.;NA;Coleção de Entomologia Pe Jesus Santiago Moure, Departamento de Zoologia (DZUP), Universidade Federal do Paraná, Brazil;;;;;;;;;;;;;;;;;;
BFR083;Muñoz-Romo et al.;2011;Article;Muñoz-Romo, M., J. F. Burgos, and T. H. Kunz. 2011. The Dorsal Patch of Males of the Curaçaoan Long-Nosed bat, Leptonycteris curasoae (Phyllostomidae: Glossophaginae) as a Visual Signal. Acta Chiropterologica 13:207–215.;NA;NA;;;;;;;;;;;;;;;;;;
BFR084;Nabeshima et al.;2020;Article;Nabeshima, K., S. Sato, H. Kabeya, N. Komine, R. Nanashima, A. Takano, H. Shimoda, K. Maeda, K. Suzuki, and S. Maruyama. 2020. Detection and phylogenetic analysis of Bartonella species from bat flies on eastern bent-wing bats (Miniopterus fuliginosus) in Japan. Comparative Immunology, Microbiology and Infectious Diseases 73:101570.;NA;NA;;;;;;;;;;;;;;;;;;
BFR085;Obame-Nkoghe et al.;2016;Article;Obame-Nkoghe, J., N. Rahola, M. Bourgarel, P. Yangari, F. Prugnolle, G. D. Maganga, E.-M. Leroy, D. Fontenille, D. Ayala, and C. Paupy. 2016. Bat flies (Diptera: Nycteribiidae and Streblidae) infesting cave-dwelling bats in Gabon: diversity, dynamics and potential role in Polychromophilus melanipherus transmission. Parasites & Vectors 9:333.;NA;NA;;;;;;;;;;;;;;;;;;
BFR086;Obdianela et al.;2021;Article;Obdianela, M. C. N., M. P. V. V. Guanlao, E. V. E. Samaniego, and K. O. Pornobi. 2021. Prevalence and Host Specificity of Bat Flies (Streblidae) from Selected Caves in Unisan, Quezon, Philippines. Acta Parasitologica 66:983–988.;NA;NA;;;;;;;;;;;;;;;;;;
BFR087;Olival et al.;2013;Article;Olival, K. J., C. W. Dick, N. B. Simmons, J. C. Morales, D. J. Melnick, K. Dittmar, S. L. Perkins, P. Daszak, and R. DeSalle. 2013. Lack of population genetic structure and host specificity in the bat fly, Cyclopodia horsfieldi, across species of Pteropus bats in Southeast Asia. Parasites & Vectors 6:231.;Institute for Ecology and Biological Resources, Hanoi, Vietnam;Western Kentucky University, State University of New York at Buffalo, and the American Museum of Natural History.;;;;;;;;;;;;;;;;;;
BFR088;Orlova et al.;2013;Article;Orlova, M. V., O. L. Orlov, S. V. Kruskop, and K. A. Bernikov. 2013. Possibilities for identification of cryptic species of Chiroptera using host-specific ectoparasites. Biology Bulletin 40:111–113.;NA;Zoological Museum, Institute of Plant and Animal Ecology, Ural Branch, Russian Academy of Sciences, and the Kulak Zoological Museum, Surgut State University.;;;;;;;;;;;;;;;;;;
BFR089;Orlova et al.;2020;Article;Orlova, M. V., D. G. Smirnov, V. P. Vekhnik, A. M. Lukyanenko, and A. V. Zabashta. 2020. Ectoparasites and Pathogens of Kuhl’s Pipistrelle Pipistrellus kuhlii (Kuhl, 1817) (Chiroptera: Vespertilionidae): Our Own and Published Data Review. Russian Journal of Biological Invasions 11:348–362.;NA;museum of the Institute of Plant and Animal Ecology, Ural Branch, Russian Academy of Sciences.;;;;;;;;;;;;;;;;;;
BFR090;Sundari et al;2012;Article;Sundari, A. A., W. Bogdanowicz, D. R. Varman, G. Marimuthu, and K. E. Rajan. 2012. Ectoparasite Raymondia lobulata Infestation in Relation to the Reproductive Cycle of Its Host—the Greater False Vampire Bat Megaderma lyra. Journal of Parasitology 98:60–62.;NA;Zoological Collection of Mato Grosso de Sul Federal University, Brazil, specimen voucher ZUFMS-INS100-101;;;;;;;;;;;;;;;;;;
BFR091;Orlova;2011;Article;Orlova, M. V. 2011. Ectoparasite associations of bats from the Ural (Russia). Hystrix 22:105–110.;NA;NA;;;;;;;;;;;;;;;;;;
BFR092;Orta-Pineda et al.;2019;Article;Orta-Pineda, G., V. M. Rodríguez-Valencia, O. Rico-Chávez, D. F. Zamora-Bárcenas, Á. Rodríguez-Moreno, G. Montiel-Parra, M. Arenas-Montaño, F. A. Galindo-Maldonado, G. Suzán-Azpiri, and R. Ojeda-Flores. 2019. Composición de comunidades y filoespecificidad de ectoparásitos de murciélagos en paisajes agropecuarios de Veracruz, México. Ecosistemas y Recursos Agropecuarios 7.;NA;NA;;;;;;;;;;;;;;;;;;
BFR093;Ikeda et al;2020;Article;Ikeda, P., J. Marinho Torres, L. Perles, E. C. Lourenço, H. M. Herrera, C. E. de Oliveira, R. Zacarias Machado, and M. R. André. 2020. Intra- and Inter-Host Assessment of Bartonella Diversity with Focus on Non-Hematophagous Bats and Associated Ectoparasites from Brazil. Microorganisms 8:1822;NA;NA;;;;;;;;;;;;;;;;;;
BFR094;Palheta et al.;2020;Article;Palheta, L. R., G. L. Urbieta, L. S. Brasil, K. Dias-Silva, J. B. Da Silva, G. Graciolli, L. M. S. Aguiar, and T. B. Vieira. 2020. The Effect of Urbanization on Bats and Communities of Bat Flies (Diptera: Nycteribiidae and Streblidae) in the Amazon, Northern Brazil. Acta Chiropterologica 22:403–416.;collection of the ChiroXingu, conservation and ecology of bat study group, located in the Ichthyology Laboratory of Altamira – LIA at the Federal University of Pará (UFPA).;NA;;;;;;;;;;;;;;;;;;
BFR095;Masson;1989;Article;Masson, D. 1989. Sur l’infestation de Myotis nattereri (Kuhl, 1818) (Chiroptera, Vespertilionidae) par Basilia nattereri (Kolenati, 1857) (Diptera, Nycteribiidae) dans le Sud-Ouest de la France. Annales de Parasitologie Humaine et Comparée 64:64–71.;NA;NA;;;;;;;;;;;;;;;;;;
BFR096;Pearce & O'Shea;2007;Article;Pearce, R. D., and T. J. O’Shea. 2007. ECTOPARASITES IN AN URBAN POPULATION OF BIG BROWN BATS (EPTESICUS FUSCUS) IN COLORADO. Journal of Parasitology 93:518–530.;NA;NA;;;;;;;;;;;;;;;;;;
BFR097;Rajeminson et al.;2017;Article;Rajemison, F. I., O. S. N. Lalarivoniaina, A. Andrianarimisa, and S. M. Goodman. 2017. Host-Parasite Relationships between a Malagasy Fruit Bat (Pteropodidae) and Associated Bat Fly (Diptera: Nycteribiidae): Seasonal Variation of Host Body Condition and the Possible Impact of Parasite Abundance. Acta Chiropterologica 19:229–238.;NA;NA;;;;;;;;;;;;;;;;;;
BFR098;Ramalho et al.;2021;Article;Ramalho, D. F., U. M. Diniz, and L. M. S. Aguiar. 2021. Anthropization Affects the Assembly of Bat-Bat Fly Interaction Networks. Frontiers in Environmental Science 9.;NA;NA;;;;;;;;;;;;;;;;;;
BFR099;Ramírez-Martinez et al.;2021;Article;Ramírez-Martínez, M. M., A. J. Bennett, C. D. Dunn, T. M. Yuill, and T. L. Goldberg. 2021. Bat Flies of the Family Streblidae (Diptera: Hippoboscoidea) Host Relatives of Medically and Agriculturally Important “Bat-Associated” Viruses. Viruses 13:860.;NA;Ohio Museum of Biological Diversity, Columbus, OH;;;;;;;;;;;;;;;;;;
BFR100;Reeves et al.;2016;Article;Reeves, W. K., J. Beck, M. V. Orlova, J. L. Daly, K. Pippin, F. Revan, and A. D. Loftis. 2016. Ecology of Bats, Their Ectoparasites, and Associated Pathogens on Saint Kitts Island. Journal of Medical Entomology 53:1218–1225.;NA;NA;;;;;;;;;;;;;;;;;;
BFR101;Ribas et al.;2020;Article;Ribas, M. R., S. C. Batista, and J. M. R. Aranha. 2020. Occurrence and infestation rates of Streblidae (Diptera, Hippoboscoidea) on bats (Mammalia, Chiroptera) in a semideciduous seasonal forest fragment in western Paraná, Brazil. Iheringia. Série Zoologia 110:1–8.;Museu de História Natural Capão da Imbuia, in Curitiba PR, Brazil;Padre Jesus Santiago Moure Collection of the Department of Zoology of the Universidade Federal do Paraná, Curitiba, PR, Brazil;;;;;;;;;;;;;;;;;;
BFR102;Ritzi et al.;2001;Article;Ritzi, C. M., L. K. Ammerman, M. T. Dixon, and J. V. Richerson. 2001. Bat Ectoparasites from the Trans-Pecos Region of Texas, Including Notes from Big Bend National Park. Journal of Medical Entomology 38:400–404.;Vertebrate Collection at Indiana State University;Invertebrate Collection of Sul Ross State University;;;;;;;;;;;;;;;;;;
BFR103;Rivera-Garcia et al.;2017;Article;Rivera-García, K. D., C. A. Sandoval-Ruiz, R. A. Saldaña-Vázquez, and J. E. Schondube. 2017. The effects of seasonality on host–bat fly ecological networks in a temperate mountain cave. Parasitology 144:692–697.;NA;NA;;;;;;;;;;;;;;;;;;
BFR104;Rojas et al.;2008;Article;Rojas, A., A. Jiménez, M. Vargas, M. Zumbado, and M. V. Herrero. 2008. Ectoparasites of the common vampire bat (Desmodus rotundus) in Costa Rica: Parasitism rates and biogeographic trends. Mastozoología neotropical 15:181–187.;NA;NA;;;;;;;;;;;;;;;;;;
BFR105;Salinas-Ramos et al.;2018;Article;Salinas-Ramos, V. B., A. Zaldívar-Riverón, A. Rebollo-Hernández, and L. G. Herrera-M. 2018. Seasonal variation of bat-flies (Diptera: Streblidae) in four bat species from a tropical dry forest. Mammalia 82:133–143.;NA;NA;;;;;;;;;;;;;;;;;;
BFR106;van Vuren et al.;2017;Article; van Vuren J., P., M. R. Wiley, G. Palacios, N. Storm, W. Markotter, M. Birkhead, A. Kemp, and J. T. Paweska. 2017. Isolation of a novel orthobunyavirus from bat flies (Eucampsipoda africana). Journal of General Virology 98:935–945.;NA;NA;;;;;;;;;;;;;;;;;;
BFR107;Santos et al.;2009;Article;Santos, C. L. C., P. A. Dias, F. S. Rodrigues, K. S. Lobato, L. C. Rosa, T. G. Oliveira, and J. M. M. Rebêlo. 2009. Moscas ectoparasitas (Diptera: Streblidae) de morcegos (Mammalia: Chiroptera) do Município de São Luís, MA: taxas de infestação e associações parasito-hospedeiro. Neotropical Entomology 38:595–601.;NA;Coleção de Entomologia e Vetores do Departamento de Biologia, Universidade Federal do Maranhão;;;;;;;;;;;;;;;;;;
BFR108;Santos et al.;2013;Article;Santos, C., A. Pereira, V. Bastos, G. Graciolli, and J. Rebêlo. 2013. Parasitism of ectoparasitic flies on bats in the northern Brazilian cerrado. Acta Parasitologica 58:207–214.;NA;NA;;;;;;;;;;;;;;;;;;
BFR109;Sebastian et al.;2008;Article;Sebastián Tello, J., R. D. Stevens, and C. W. Dick. 2008. Patterns of species co-occurrence and density compensation: a test for interspecific competition in bat ectoparasite infracommunities. Oikos 117:693–702.;NA;Museo de Zoología of the Pontificia Univ. Católica del Ecuador (QCAZ);;;;;;;;;;;;;;;;;;
BFR110;Seneviratne et al.;2009;Article;Seneviratne, S. S., H. C. Fernando, and P. V. Udagama-Randeniya. 2009. Host specificity in bat ectoparasites: A natural experiment. International Journal for Parasitology 39:995–1002.;NA;NA;;;;;;;;;;;;;;;;;;
BFR111;Ševčík et al.;2013;Article;Ševčík, M., P. Benda, and R. K. Lučan. 2013. Diptera Pupipara from bats of two large eastern Mediterranean islands, Crete and Cyprus. Turkish Journal of Zoology 37:31–37.;NA;collection of the first author (cMŠ);;;;;;;;;;;;;;;;;;
BFR112;Shapiro et al.;2016;Article;Shapiro, J. T., E. Barbier, and A. Monadjem. 2016. First Record of Streblidae, Raymondia alulata Speiser, 1908 (Diptera: Streblidae), in Swaziland and a Review of the Genus Raymondia and Their Hosts in Africa. Acta Chiropterologica 18:249–268.;NA;Federal University of Mato Grosso do Sul and the Federal University of Pernambuco (Universidade Federal de Pernambuco;;;;;;;;;;;;;;;;;;
BFR113;Sharifi et al.;2008;Article;Sharifi, M., F. Mozafari, N. Taghinezhad, and H. Javanbakht. 2008. Variation in Ectoparasite Load Reflects Life History Traits in the Lesser Mouse-eared Bat Myotis blythii (Chiroptera: Vespertilionidae) in Western Iran. Journal of Parasitology 94:622.;NA;NA;;;;;;;;;;;;;;;;;;
BFR114;Sharifi et al.;2013;Article;Sharifi, M., N. Taghinezhad, F. Mozafari, and S. Vaissi. 2013. Variation in ectoparasite load in the Mehely’s horseshoe bat, Rhinolophus mehelyi (Chiroptera: Rhinolophidae) in a nursery colony in western Iran. Acta Parasitologica 58:180–184.;NA;NA;;;;;;;;;;;;;;;;;;
BFR115;Shockley and Murray;2006;Article;Shockley, F. W., and K. L. Murray. 2006. Discovery of a Parasitoid and a Predator of Bat Flies (Diptera: Streblidae) at La Selva, Costa Rica. Biotropica 38:789–790.;entomology collection of the Georgia Museum of Natural History (UGCA) at the University of Georgia and Instituto Nacional de Biodiversidad, Costa Rica.;entomology collection of the Georgia Museum of Natural History (UGCA) at the University of Georgia and Instituto Nacional de Biodiversidad, Costa Rica.;;;;;;;;;;;;;;;;;;
BFR116;Silva and Ortencio Filho;2011;Article;Silva, J. R. R. da, and H. Ortêncio Filho. 2011. Dípteros ectoparasitas (Insecta, Diptera) em morcegos (Chiroptera, Mammalia) na Reserva Biológica das Perobas Paraná, Brasil. Iheringia. Série Zoologia 101:220–224.;NA;NA;;;;;;;;;;;;;;;;;;
BFR117;Silva et al.;2019;Article;Silva, S. S. P. da, Q. F. Neves, P. G. Guedes, J. C. de Almeida, and M. de C. Brasil-Sato. 2019. Diet and parasites of Lonchophylla inexpectata Moratelli & Dias, 2015 (Chiroptera, Lonchophyllinae) in the threatened Caatinga scrublands from Ceará (northeastern Brazil). Studies on Neotropical Fauna and Environment 54:107–113.;Adriano Lucio Peracchi Collection (ALP) at the Universidade Federal Rural do Rio de Janeiro (UFRRJ);NA;;;;;;;;;;;;;;;;;;
BFR118;Smit and Miller;2019;Article;"Smit, J. T., and J. Miller. 2019. Bat Ectoparasites from Sint Eustatius, Lesser Antilles (Diptera: Hippoboscidae: Streblinae; Hemiptera: Polyctenidae). Journal of Parasitology 105:45.";"Museum of Texas Tech University (TTU) and the University of Nebraska State Museum (UNSM), American Museum of Natural History (AMNH); Natural History Museum, University of Kansas (KU); and Museum of Comparative Zoology, Harvard University (MCZ)";NA;;;;;;;;;;;;;;;;;;
BFR119;Soares et al.;2016;Article;Soares, F. A. M., G. Graciolli, C. E. B. P. Ribeiro, R. S. Bandeira, J. A. T. Moreno, and S. F. Ferrari. 2016. Bat (Mammalia: Chiroptera) Diversity in an area of mangrove forest in Southern Pernambuco, Brazil, with a new species record and notes on ectoparasites (Diptera: Streblidae). Papéis Avulsos de Zoologia 56:63–68.;NA;Federal University of Mato Grosso do Sul in Campo Grande;;;;;;;;;;;;;;;;;;
BFR120;Soares et al.;2013;Article;Soares, F. A. M., G. Graciolli, D. M. C. Alcântara, C. E. B. P. Ribeiro, G. C. Valença, and S. F. Ferrari. 2013. Bat flies (Diptera: Streblidae) ectoparasites of bats at an Atlantic Rainforest site in northeastern Brazil. Biota Neotropica 13:242–246.;NA;Zoological reference collection of the Federal University of Mato Grosso do Sul in Campo Grande, Brazil;;;;;;;;;;;;;;;;;;
BFR121;Soares et al.;2017;Article;Soares, F. A. M., P. A. da Rocha, J. S. Mikalauskas, G. Graciolli, and S. F. Ferrari. 2017. Ectoparasitic bat flies (Diptera, Streblidae) of bats (Chiroptera, Mammalia) from Mata do Junco wildlife refuge, Sergipe, Northeastern Brazil. Oecologia Australis 21:385–395.;Adriano Lúcio Peracchi Collection, at the Biology Institute of the Federal Rural University of Rio de Janeiro, Brazil;Zoological Reference Collection of the Federal University of Mato Grosso do Sul, Campo Grande, Brazil.;;;;;;;;;;;;;;;;;;
BFR122;Orlova et al.;2015;Article;Orlova, M. V., A. V. Zhigalin, O. L. Orlov, S. V. Kruskop, and I. I. Bogdanov. 2015. Contribution to the ectoparasite fauna of rare and poor studied bat species of Southern Siberia. Biology Bulletin 42:254–259.;NA;the collection of the Tyumen State University Museum of Zoology (Tyumen, Russia);;;;;;;;;;;;;;;;;;
BFR123;Szentiványi et al.;2020;Article;Szentiványi, T., P. Estók, R. Pigeault, P. Christe, and O. Glaizot. 2020. Effects of fungal infection on the survival of parasitic bat flies. Parasites & Vectors 13:23.;NA;NA;;;;;;;;;;;;;;;;;;
BFR124;Szentiványi et al.;2018;Article;Szentiványi, T., D. Haelewaters, W. P. Pfliegler, L. Clément, P. Christe, and O. Glaizot. 2018. Laboulbeniales (Fungi: Ascomycota) infection of bat flies (Diptera: Nycteribiidae) from Miniopterus schreibersii across Europe. Parasites & Vectors 11:395.;NA;NA;Szentiványi, T., W. Markotter, M. Dietrich, L. Clément, L. Ançay, L. Brun, E. Genzoni, T. Kearney, E. Seamark, P. Estók, P. Christe, and O. Glaizot. 2020. Host conservation through their parasites: Molecular surveillance of vector-borne microorganisms in bats using ectoparasitic bat flies. Parasite 27.;;;;;;;;;;;;;;;;;
BFR125;Szentiványi et al.;2020;Article;Szentiványi, T., W. Markotter, M. Dietrich, L. Clément, L. Ançay, L. Brun, E. Genzoni, T. Kearney, E. Seamark, P. Estók, P. Christe, and O. Glaizot. 2020. Host conservation through their parasites: Molecular surveillance of vector-borne microorganisms in bats using ectoparasitic bat flies. Parasite 27.;NA;NA;Szentiványi, T., D. Haelewaters, W. P. Pfliegler, L. Clément, P. Christe, and O. Glaizot. 2018. Laboulbeniales (Fungi: Ascomycota) infection of bat flies (Diptera: Nycteribiidae) from Miniopterus schreibersii across Europe. Parasites & Vectors 11:395.;;;;;;;;;;;;;;;;;
BFR126;Tarquino-Carbonell et al.;2015;Article;Tarquino-Carbonell, A. P., K. A. Gutiérrez-Díaz, E. Y. Galindo-Espinosa, G. Reinoso-Flórez, S. Solari, and R. Guerrero. 2015. Ectoparasites associated with bats in northeastern Tolima, Colombia. Mastozoología Neotropical 22:349–358.;Zoological Collection of the University of Tolima (CZUT);"Zoological Collection of the University of Tolima (CZUT) 
";;;;;;;;;;;;;;;;;;
BFR127;Ter Hofstede et al.;2004;Article;ter Hofstede, H. M., M. B. Fenton, and J. O. Whitaker, Jr. 2004. Host and host-site specificity of bat flies (Diptera: Streblidae and Nycteribiidae) on Neotropical bats (Chiroptera). Canadian Journal of Zoology 82:616–626.;NA;NA;ter Hofstede, H. M., and M. B. Fenton. 2005. Relationships between roost preferences, ectoparasite density, and grooming behaviour of neotropical bats. Journal of Zoology 266:333–340.;;;;;;;;;;;;;;;;;
BFR128;Tlapaya-Romero et al.;2015;Article;Tlapaya-Romero, L., A. Horváth, S. Gallina-Tessaro, E. J. Naranjo, and B. Gómez. 2015. Prevalencia y abundancia de moscas parásitas asociadas a una comunidad de murciélagos cavernícolas en La Trinitaria, Chiapas, México. Revista Mexicana de Biodiversidad 86:377–385.;colección entomológica de ECOSUR, San Cristóbal de Las Casas, Chiapas (ECO-SC-E);NA;;;;;;;;;;;;;;;;;;
BFR129;Tlapaya-Romero et al.;2019;Article;Tlapaya-Romero, L., S. Ibáñez-Bernal, and A. Santos-Moreno. 2019. New records of bat flies (Diptera: Streblidae) in Oaxaca, Mexico. Revista Mexicana de Biodiversidad 90.;NA;the Insect Collection of the Instituto de Ecología, A.C. (IEXA), Xalapa, Veracruz, Mexico.;Tlapaya-Romero, L., A. Santos-Moreno, and S. Ibáñez-Bernal. 2021. Effect of seasonality and microclimate on the variation in bat-fly load (Diptera: Streblidae) in a cave bat assemblage in a dry forest. Mammalia 85:345–354.;;;;;;;;;;;;;;;;;
BFR130;Torres et al.;2019;Article;Torres, J. M., G. L. Urbieta, L. B. M. de Almeida, D. K. F. Soares, and E. A. C. dos Anjos. 2019. Moscas ectoparasitas (Diptera, Streblidae) de morcegos (Mammalia, Chiroptera) em um remanescente periurbano de Cerrado: composição da comunidade, prevalência, intensidade de infestação e especificidade. Iheringia. Série Zoologia 109:1–6.;coleção zoológica da Universidade Católica Dom Bosco (UCDB);NA;;;;;;;;;;;;;;;;;;
BFR131;Tortosa et al.;2013;Article;Tortosa, P., N. Dsouli, Y. Gomard, B. Ramasindrazana, C. W. Dick, and S. M. Goodman. 2013. Evolutionary History of Indian Ocean Nycteribiid Bat Flies Mirroring the Ecology of Their Hosts. PLoS ONE 8:e75215.;Field Museum of Natural History, Chicago, and the Universite´ d’Antananarivo, De´partement de Biologie Animale (UADBA), Antananarivo;Field Museum of Natural History, Chicago, and the Universite´ d’Antananarivo, De´partement de Biologie Animale (UADBA), Antananarivo;Wilkinson, D. A., O. Duron, C. Cordonin, Y. Gomard, B. Ramasindrazana, P. Mavingui, S. M. Goodman, and P. Tortosa. 2016. The Bacteriome of Bat Flies (Nycteribiidae) from the Malagasy Region: a Community Shaped by Host Ecology, Bacterial Transmission Mode, and Host-Vector Specificity. Applied and Environmental Microbiology 82:1778–1788.;;;;;;;;;;;;;;;;;
BFR132;Trujillo-Pahua and Ibañez-Bernal;2019;Article;Trujillo-Pahua, L., and S. Ibáñez-Bernal. 2019. New Geographical Records of Bat Flies (Diptera: Streblidae) Associated With Phyllostomid Bats (Chiroptera: Phyllostomidae) in the West Highlands of Mexico. Journal of Medical Entomology 56:18–28.;NA;Insect Collection of Instituto de Ecología, A. C. (IEXA) Xalapa, Veracruz, Mexico;;;;;;;;;;;;;;;;;;
BFR133;Trujillo-Pahua and Ibañez-Bernal;2020;Article;Trujillo-Pahua, L., and S. Ibáñez-Bernal. 2020. Bat flies (Diptera: Streblidae) of phyllostomid bats (Chiroptera: Phyllostomidae) from the mountainous central region of Veracruz, Mexico. Systematic Parasitology 97:743–777.;NA;NA;;;;;;;;;;;;;;;;;;
BFR134;Urbieta et al.;2021;Article;Urbieta, G. L., G. Graciolli, and J. Vizentin-Bugoni. 2021. Modularity and specialization in bat–fly interaction networks are remarkably consistent across patches within urbanized landscapes and spatial scales. Current Zoology 67:403–410.;NA;Zoological Reference Collection of the Federal University of Mato Grosso do Sul (ZUFMS) in Campo Grande;Urbieta, G. L., J. M. Torres, E. A. C. Dos Anjos, C. M. E. Carvalho, and G. Graciolli. 2019. Parasitism of Bat Flies (Nycteribiidae and Streblidae) on Bats in Urban Environments: Lower Prevalence, Infracommunities, and Specificity. Acta Chiropterologica 20:511.;;;;;;;;;;;;;;;;;
BFR135;Vidal et al.;2021;Article;Vidal, L. L. L., L. F. O. Bernardi, and S. A. Talamoni. 2021. Host-parasite associations in a population of the nectarivorous bat Anoura geoffroyi (Phyllostomidae) in a cave in a Brazilian ferruginous geosystem. Subterranean Biology 39:63–77.;NA;NA;;;;;;;;;;;;;;;;;;
BFR136;Vidgen et al.;2017;Article;Vidgen, M. E., D. W. Edson, A. F. van den Hurk, H. E. Field, and C. S. Smith. 2017. No Evidence of Hendra Virus Infection in the Australian Flying-fox Ectoparasite Genus Cyclopodia. Zoonoses and Public Health 64:228–231.;NA;NA;;;;;;;;;;;;;;;;;;
BFR137;Vieira et al.;2019;Article;Vieira, E. G. M., E. Fischer, G. Graciolli, C. Ferreira Santos, G. Camargo, M. Silveira, and A. Eriksson. 2019. Bat flies aggregation on Artibeus planirostris hosts in the Pantanal floodplain and surrounding plateaus. Parasitology 146:1462–1466.;Universidade Federal de Mato Grosso do Sul (ZUFMS);Universidade Federal de Mato Grosso do Sul (ZUFMS);;;;;;;;;;;;;;;;;;
BFR138;Villegas-Guzma et al.;2005;Article;Villegas-Guzman, G. A., C. López-González, and M. Vargas. 2005. Ectoparasites Associated to Two Species of Corynorhinus (Chiroptera: Vespertilionidae) from the Guanaceví Mining Region, Durango, Mexico. Journal of Medical Entomology 42:125–127.;mammal collection, Centro Interdisciplinario de Investigación para el desarrollo Integral Regional Instituto Politécnico Nacional Unidad Durango;collection of arthropods associated to mammals at Escuela Nacional de Ciencias Biologicas, Instituto Politecnico  Nacional, Mexico City.;;;;;;;;;;;;;;;;;;
BFR139;Voigt and Kelm;2006;Article;Voigt, C. C., and D. H. Kelm. 2006. Host preferences of bat flies: following the bloody path of stable isotopes in a host–parasite food chain. Canadian Journal of Zoology 84:397–403.;NA;NA;;;;;;;;;;;;;;;;;;
BFR140;Walker et al.;2018;Article;Walker, M. J., A. Dorrestein, J. J. Camacho, L. A. Meckler, K. A. Silas, T. Hiller, and D. Haelewaters. 2018. A tripartite survey of hyperparasitic fungi associated with ectoparasitic flies on bats (Mammalia: Chiroptera) in a neotropical cloud forest in Panama. Parasite 25:19.;NA;Museo de Peces de Agua e Invertebrados, David, Panamá (MUPADI) and Naturalis Biodiversity Center, Leiden, The Netherlands (RMNH).;;;;;;;;;;;;;;;;;;
BFR141;Wilkinson et al.;2016;Article;Wilkinson, D. A., O. Duron, C. Cordonin, Y. Gomard, B. Ramasindrazana, P. Mavingui, S. M. Goodman, and P. Tortosa. 2016. The Bacteriome of Bat Flies (Nycteribiidae) from the Malagasy Region: a Community Shaped by Host Ecology, Bacterial Transmission Mode, and Host-Vector Specificity. Applied and Environmental Microbiology 82:1778–1788.;Field Museum of Natural History (FMNH) (Chicago, IL) and in the Département de Biologie Animale, Université d’Antananarivo (UADBA) (Antananarivo, Madagascar);Field Museum of Natural History (FMNH) (Chicago, IL) and in the Département de Biologie Animale, Université d’Antananarivo (UADBA) (Antananarivo, Madagascar);Tortosa, P., N. Dsouli, Y. Gomard, B. Ramasindrazana, C. W. Dick, and S. M. Goodman. 2013. Evolutionary History of Indian Ocean Nycteribiid Bat Flies Mirroring the Ecology of Their Hosts. PLoS ONE 8:e75215.;;;;;;;;;;;;;;;;;
BFR142;Witsenburg et al.;2015;Article;Witsenburg, F., L. Clément, A. López-Baucells, J. Palmeirim, I. Pavlinić, D. Scaravelli, M. Ševčík, L. Dutoit, N. Salamin, J. Goudet, and P. Christe. 2015. How a haemosporidian parasite of bats gets around: the genetic structure of a parasite, vector and host compared. Molecular Ecology 24:926–940.;NA;NA;;;;;;;;;;;;;;;;;;
BFR143;Witsenburg et al.;2015;Article;Witsenburg, F., F. Schneider, and P. Christe. 2015. Signs of a vector’s adaptive choice: on the evasion of infectious hosts and parasite-induced mortality. Oikos 124:668–676.;NA;NA;;;;;;;;;;;;;;;;;;
BFR144;Zamora-Mejías et al.;2020;Article;Zamora-Mejías, D., J. B. Morales-Malacara, B. Rodríguez-Herrera, M. Ojeda, and R. A. Medellín. 2020. Does latitudinal migration represent an advantage in the decrease of ectoparasitic loads in Leptonycteris yerbabuenae (Chiroptera)? Journal of Mammalogy 101:979–989.;NA;Morales-Malacara Collection housed in the Laboratory of Speleobiology and Acarology, Faculty of Science, National Autonomous University of Mexico, Juriquilla Campus, Queretaro, Mexico;;;;;;;;;;;;;;;;;;
BFR145;Zarazúa-Carbajal et al.;2016;Article;Zarazúa-Carbajal, M., R. A. Saldaña-Vázquez, C. A. Sandoval-Ruiz, K. E. Stoner, and J. Benitez-Malvido. 2016. The specificity of host-bat fly interaction networks across vegetation and seasonal variation. Parasitology Research 115:4037–4044.;NA;NA;;;;;;;;;;;;;;;;;;
BFR146;Hoyos et al.;2022;Unpublishe data;Hoyos, J., Montoya-Bustamante, S., Zapata-Mesa, N. Records of bat flies from a Colombian tropical rainforest;Colección de Mamíferos de la Universidad del Valle (UV), Colombia.;NA;;;;;;;;;;;;;;;;;;
BFR147;Peña et al.;2022;Unpublishe data;Peña, D., Montoya-Bustamante, S., Galindo-González, J. Records of bat flies from a Mexican tropical montane cloud forest;NA;NA;;;;;;;;;;;;;;;;;;
BFR148;Chacón-Pacheco et al.;2022;Unpublishe data;Chacón-Pacheco, J., Ballesteros-Correa, J., Pastrana-Montiel, M. R. Records of baf flies from Caribbean colombian;NA;NA;Pastrana-Montiel, M. R., Ballesteros-Correa, J., & Chacón-Pacheco, J. (2019). First record of the parasite bat fly Basilia mimoni Theodor & Peterson, 1964 (Diptera: Nycteribiidae) in Colombia. Oecologia Australis, 23(3).;;;;;;;;;;;;;;;;;
BFR149;;;;;NA;NA;;;;;;;;;;;;;;;;;;
;;;;;;;;;;;;;;;;;;;;;;;;
;;;;;;;;;;;;;;;;;;;;;;;;
;;;;;;;;;;;;;;;;;;;;;;;;
;;;;;;;;;;;;;;;;;;;;;;;;
;;;;;;;;;;;;;;;;;;;;;;;;
;;;;;;;;;;;;;;;;;;;;;;;;
;;;;;;;;;;;;;;;;;;;;;;;;
;;;;;;;;;;;;;;;;;;;;;;;;
;;;;;;;;;;;;;;;;;;;;;;;;
;;;;;;;;;;;;;;;;;;;;;;;;
;;;;;;;;;;;;;;;;;;;;;;;;
;;;;;;;;;;;;;;;;;;;;;;;;
;;;;;;;;;;;;;;;;;;;;;;;;
;;;;;;;;;;;;;;;;;;;;;;;;
;;;;;;;;;;;;;;;;;;;;;;;;
;;;;;;;;;;;;;;;;;;;;;;;;
;;;;;;;;;;;;;;;;;;;;;;;;
;;;;;;;;;;;;;;;;;;;;;;;;
;;;;;;;;;;;;;;;;;;;;;;;;
;;;;;;;;;;;;;;;;;;;;;;;;
;;;;;;;;;;;;;;;;;;;;;;;;
;;;;;;;;;;;;;;;;;;;;;;;;
;;;;;;;;;;;;;;;;;;;;;;;;
;;;;;;;;;;;;;;;;;;;;;;;;
;;;;;;;;;;;;;;;;;;;;;;;;
;;;;;;;;;;;;;;;;;;;;;;;;
;;;;;;;;;;;;;;;;;;;;;;;;
;;;;;;;;;;;;;;;;;;;;;;;;
;;;;;;;;;;;;;;;;;;;;;;;;
;;;;;;;;;;;;;;;;;;;;;;;;
;;;;;;;;;;;;;;;;;;;;;;;;
;;;;;;;;;;;;;;;;;;;;;;;;
;;;;;;;;;;;;;;;;;;;;;;;;
;;;;;;;;;;;;;;;;;;;;;;;;
;;;;;;;;;;;;;;;;;;;;;;;;
;;;;;;;;;;;;;;;;;;;;;;;;
;;;;;;;;;;;;;;;;;;;;;;;;
;;;;;;;;;;;;;;;;;;;;;;;;
;;;;;;;;;;;;;;;;;;;;;;;;
;;;;;;;;;;;;;;;;;;;;;;;;
;;;;;;;;;;;;;;;;;;;;;;;;
;;;;;;;;;;;;;;;;;;;;;;;;
;;;;;;;;;;;;;;;;;;;;;;;;
;;;;;;;;;;;;;;;;;;;;;;;;
;;;;;;;;;;;;;;;;;;;;;;;;
;;;;;;;;;;;;;;;;;;;;;;;;
;;;;;;;;;;;;;;;;;;;;;;;;
;;;;;;;;;;;;;;;;;;;;;;;;
;;;;;;;;;;;;;;;;;;;;;;;;
;;;;;;;;;;;;;;;;;;;;;;;;
;;;;;;;;;;;;;;;;;;;;;;;;
;;;;;;;;;;;;;;;;;;;;;;;;
;;;;;;;;;;;;;;;;;;;;;;;;
;;;;;;;;;;;;;;;;;;;;;;;;
;;;;;;;;;;;;;;;;;;;;;;;;
;;;;;;;;;;;;;;;;;;;;;;;;
;;;;;;;;;;;;;;;;;;;;;;;;
;;;;;;;;;;;;;;;;;;;;;;;;
;;;;;;;;;;;;;;;;;;;;;;;;
;;;;;;;;;;;;;;;;;;;;;;;;
;;;;;;;;;;;;;;;;;;;;;;;;
;;;;;;;;;;;;;;;;;;;;;;;;
;;;;;;;;;;;;;;;;;;;;;;;;
;;;;;;;;;;;;;;;;;;;;;;;;
;;;;;;;;;;;;;;;;;;;;;;;;
;;;;;;;;;;;;;;;;;;;;;;;;
;;;;;;;;;;;;;;;;;;;;;;;;
;;;;;;;;;;;;;;;;;;;;;;;;
;;;;;;;;;;;;;;;;;;;;;;;;
;;;;;;;;;;;;;;;;;;;;;;;;
;;;;;;;;;;;;;;;;;;;;;;;;
;;;;;;;;;;;;;;;;;;;;;;;;
;;;;;;;;;;;;;;;;;;;;;;;;
;;;;;;;;;;;;;;;;;;;;;;;;
;;;;;;;;;;;;;;;;;;;;;;;;
;;;;;;;;;;;;;;;;;;;;;;;;
;;;;;;;;;;;;;;;;;;;;;;;;
;;;;;;;;;;;;;;;;;;;;;;;;
;;;;;;;;;;;;;;;;;;;;;;;;
;;;;;;;;;;;;;;;;;;;;;;;;
;;;;;;;;;;;;;;;;;;;;;;;;
;;;;;;;;;;;;;;;;;;;;;;;;
;;;;;;;;;;;;;;;;;;;;;;;;
;;;;;;;;;;;;;;;;;;;;;;;;
;;;;;;;;;;;;;;;;;;;;;;;;
;;;;;;;;;;;;;;;;;;;;;;;;
;;;;;;;;;;;;;;;;;;;;;;;;
;;;;;;;;;;;;;;;;;;;;;;;;
;;;;;;;;;;;;;;;;;;;;;;;;
;;;;;;;;;;;;;;;;;;;;;;;;
;;;;;;;;;;;;;;;;;;;;;;;;
;;;;;;;;;;;;;;;;;;;;;;;;
;;;;;;;;;;;;;;;;;;;;;;;;
;;;;;;;;;;;;;;;;;;;;;;;;
;;;;;;;;;;;;;;;;;;;;;;;;
;;;;;;;;;;;;;;;;;;;;;;;;
;;;;;;;;;;;;;;;;;;;;;;;;
;;;;;;;;;;;;;;;;;;;;;;;;
;;;;;;;;;;;;;;;;;;;;;;;;
;;;;;;;;;;;;;;;;;;;;;;;;
;;;;;;;;;;;;;;;;;;;;;;;;
;;;;;;;;;;;;;;;;;;;;;;;;
;;;;;;;;;;;;;;;;;;;;;;;;
;;;;;;;;;;;;;;;;;;;;;;;;
;;;;;;;;;;;;;;;;;;;;;;;;
;;;;;;;;;;;;;;;;;;;;;;;;
;;;;;;;;;;;;;;;;;;;;;;;;
;;;;;;;;;;;;;;;;;;;;;;;;
;;;;;;;;;;;;;;;;;;;;;;;;
;;;;;;;;;;;;;;;;;;;;;;;;
;;;;;;;;;;;;;;;;;;;;;;;;
;;;;;;;;;;;;;;;;;;;;;;;;
;;;;;;;;;;;;;;;;;;;;;;;;
;;;;;;;;;;;;;;;;;;;;;;;;
;;;;;;;;;;;;;;;;;;;;;;;;
;;;;;;;;;;;;;;;;;;;;;;;;
;;;;;;;;;;;;;;;;;;;;;;;;
;;;;;;;;;;;;;;;;;;;;;;;;
;;;;;;;;;;;;;;;;;;;;;;;;
;;;;;;;;;;;;;;;;;;;;;;;;
;;;;;;;;;;;;;;;;;;;;;;;;
;;;;;;;;;;;;;;;;;;;;;;;;
;;;;;;;;;;;;;;;;;;;;;;;;
;;;;;;;;;;;;;;;;;;;;;;;;
;;;;;;;;;;;;;;;;;;;;;;;;
;;;;;;;;;;;;;;;;;;;;;;;;
;;;;;;;;;;;;;;;;;;;;;;;;
;;;;;;;;;;;;;;;;;;;;;;;;
;;;;;;;;;;;;;;;;;;;;;;;;
;;;;;;;;;;;;;;;;;;;;;;;;
;;;;;;;;;;;;;;;;;;;;;;;;
;;;;;;;;;;;;;;;;;;;;;;;;
;;;;;;;;;;;;;;;;;;;;;;;;
;;;;;;;;;;;;;;;;;;;;;;;;
;;;;;;;;;;;;;;;;;;;;;;;;
;;;;;;;;;;;;;;;;;;;;;;;;
;;;;;;;;;;;;;;;;;;;;;;;;
;;;;;;;;;;;;;;;;;;;;;;;;
;;;;;;;;;;;;;;;;;;;;;;;;
;;;;;;;;;;;;;;;;;;;;;;;;
;;;;;;;;;;;;;;;;;;;;;;;;
;;;;;;;;;;;;;;;;;;;;;;;;
;;;;;;;;;;;;;;;;;;;;;;;;
;;;;;;;;;;;;;;;;;;;;;;;;
;;;;;;;;;;;;;;;;;;;;;;;;
;;;;;;;;;;;;;;;;;;;;;;;;
;;;;;;;;;;;;;;;;;;;;;;;;
;;;;;;;;;;;;;;;;;;;;;;;;
;;;;;;;;;;;;;;;;;;;;;;;;
;;;;;;;;;;;;;;;;;;;;;;;;
;;;;;;;;;;;;;;;;;;;;;;;;
;;;;;;;;;;;;;;;;;;;;;;;;
;;;;;;;;;;;;;;;;;;;;;;;;
;;;;;;;;;;;;;;;;;;;;;;;;
;;;;;;;;;;;;;;;;;;;;;;;;
;;;;;;;;;;;;;;;;;;;;;;;;
;;;;;;;;;;;;;;;;;;;;;;;;
;;;;;;;;;;;;;;;;;;;;;;;;
;;;;;;;;;;;;;;;;;;;;;;;;
;;;;;;;;;;;;;;;;;;;;;;;;
;;;;;;;;;;;;;;;;;;;;;;;;
;;;;;;;;;;;;;;;;;;;;;;;;
;;;;;;;;;;;;;;;;;;;;;;;;
;;;;;;;;;;;;;;;;;;;;;;;;
;;;;;;;;;;;;;;;;;;;;;;;;
;;;;;;;;;;;;;;;;;;;;;;;;
;;;;;;;;;;;;;;;;;;;;;;;;
;;;;;;;;;;;;;;;;;;;;;;;;
;;;;;;;;;;;;;;;;;;;;;;;;
;;;;;;;;;;;;;;;;;;;;;;;;
;;;;;;;;;;;;;;;;;;;;;;;;
;;;;;;;;;;;;;;;;;;;;;;;;
;;;;;;;;;;;;;;;;;;;;;;;;
;;;;;;;;;;;;;;;;;;;;;;;;
;;;;;;;;;;;;;;;;;;;;;;;;
;;;;;;;;;;;;;;;;;;;;;;;;
;;;;;;;;;;;;;;;;;;;;;;;;
;;;;;;;;;;;;;;;;;;;;;;;;
;;;;;;;;;;;;;;;;;;;;;;;;
;;;;;;;;;;;;;;;;;;;;;;;;
;;;;;;;;;;;;;;;;;;;;;;;;
;;;;;;;;;;;;;;;;;;;;;;;;
;;;;;;;;;;;;;;;;;;;;;;;;
;;;;;;;;;;;;;;;;;;;;;;;;
;;;;;;;;;;;;;;;;;;;;;;;;
;;;;;;;;;;;;;;;;;;;;;;;;
;;;;;;;;;;;;;;;;;;;;;;;;
;;;;;;;;;;;;;;;;;;;;;;;;
;;;;;;;;;;;;;;;;;;;;;;;;
;;;;;;;;;;;;;;;;;;;;;;;;
;;;;;;;;;;;;;;;;;;;;;;;;
;;;;;;;;;;;;;;;;;;;;;;;;
;;;;;;;;;;;;;;;;;;;;;;;;
;;;;;;;;;;;;;;;;;;;;;;;;
;;;;;;;;;;;;;;;;;;;;;;;;
;;;;;;;;;;;;;;;;;;;;;;;;
;;;;;;;;;;;;;;;;;;;;;;;;
;;;;;;;;;;;;;;;;;;;;;;;;
;;;;;;;;;;;;;;;;;;;;;;;;
;;;;;;;;;;;;;;;;;;;;;;;;
;;;;;;;;;;;;;;;;;;;;;;;;
;;;;;;;;;;;;;;;;;;;;;;;;
;;;;;;;;;;;;;;;;;;;;;;;;
;;;;;;;;;;;;;;;;;;;;;;;;
;;;;;;;;;;;;;;;;;;;;;;;;
;;;;;;;;;;;;;;;;;;;;;;;;
;;;;;;;;;;;;;;;;;;;;;;;;
;;;;;;;;;;;;;;;;;;;;;;;;
;;;;;;;;;;;;;;;;;;;;;;;;
;;;;;;;;;;;;;;;;;;;;;;;;
;;;;;;;;;;;;;;;;;;;;;;;;
;;;;;;;;;;;;;;;;;;;;;;;;
;;;;;;;;;;;;;;;;;;;;;;;;
;;;;;;;;;;;;;;;;;;;;;;;;
;;;;;;;;;;;;;;;;;;;;;;;;
;;;;;;;;;;;;;;;;;;;;;;;;
;;;;;;;;;;;;;;;;;;;;;;;;
;;;;;;;;;;;;;;;;;;;;;;;;
;;;;;;;;;;;;;;;;;;;;;;;;
;;;;;;;;;;;;;;;;;;;;;;;;
;;;;;;;;;;;;;;;;;;;;;;;;
;;;;;;;;;;;;;;;;;;;;;;;;
;;;;;;;;;;;;;;;;;;;;;;;;
;;;;;;;;;;;;;;;;;;;;;;;;
;;;;;;;;;;;;;;;;;;;;;;;;
;;;;;;;;;;;;;;;;;;;;;;;;
;;;;;;;;;;;;;;;;;;;;;;;;
;;;;;;;;;;;;;;;;;;;;;;;;
;;;;;;;;;;;;;;;;;;;;;;;;
;;;;;;;;;;;;;;;;;;;;;;;;
;;;;;;;;;;;;;;;;;;;;;;;;
;;;;;;;;;;;;;;;;;;;;;;;;
;;;;;;;;;;;;;;;;;;;;;;;;
;;;;;;;;;;;;;;;;;;;;;;;;
;;;;;;;;;;;;;;;;;;;;;;;;
;;;;;;;;;;;;;;;;;;;;;;;;
;;;;;;;;;;;;;;;;;;;;;;;;
;;;;;;;;;;;;;;;;;;;;;;;;
;;;;;;;;;;;;;;;;;;;;;;;;
;;;;;;;;;;;;;;;;;;;;;;;;
;;;;;;;;;;;;;;;;;;;;;;;;
;;;;;;;;;;;;;;;;;;;;;;;;
;;;;;;;;;;;;;;;;;;;;;;;;
;;;;;;;;;;;;;;;;;;;;;;;;
;;;;;;;;;;;;;;;;;;;;;;;;
;;;;;;;;;;;;;;;;;;;;;;;;
;;;;;;;;;;;;;;;;;;;;;;;;
;;;;;;;;;;;;;;;;;;;;;;;;
;;;;;;;;;;;;;;;;;;;;;;;;
;;;;;;;;;;;;;;;;;;;;;;;;
;;;;;;;;;;;;;;;;;;;;;;;;
;;;;;;;;;;;;;;;;;;;;;;;;
;;;;;;;;;;;;;;;;;;;;;;;;
;;;;;;;;;;;;;;;;;;;;;;;;
;;;;;;;;;;;;;;;;;;;;;;;;
;;;;;;;;;;;;;;;;;;;;;;;;
;;;;;;;;;;;;;;;;;;;;;;;;
;;;;;;;;;;;;;;;;;;;;;;;;
;;;;;;;;;;;;;;;;;;;;;;;;
;;;;;;;;;;;;;;;;;;;;;;;;
;;;;;;;;;;;;;;;;;;;;;;;;
;;;;;;;;;;;;;;;;;;;;;;;;
;;;;;;;;;;;;;;;;;;;;;;;;
;;;;;;;;;;;;;;;;;;;;;;;;
;;;;;;;;;;;;;;;;;;;;;;;;
;;;;;;;;;;;;;;;;;;;;;;;;
;;;;;;;;;;;;;;;;;;;;;;;;
;;;;;;;;;;;;;;;;;;;;;;;;
;;;;;;;;;;;;;;;;;;;;;;;;
;;;;;;;;;;;;;;;;;;;;;;;;
;;;;;;;;;;;;;;;;;;;;;;;;
;;;;;;;;;;;;;;;;;;;;;;;;
;;;;;;;;;;;;;;;;;;;;;;;;
;;;;;;;;;;;;;;;;;;;;;;;;
;;;;;;;;;;;;;;;;;;;;;;;;
;;;;;;;;;;;;;;;;;;;;;;;;
;;;;;;;;;;;;;;;;;;;;;;;;
;;;;;;;;;;;;;;;;;;;;;;;;
;;;;;;;;;;;;;;;;;;;;;;;;
;;;;;;;;;;;;;;;;;;;;;;;;
;;;;;;;;;;;;;;;;;;;;;;;;
;;;;;;;;;;;;;;;;;;;;;;;;
;;;;;;;;;;;;;;;;;;;;;;;;
;;;;;;;;;;;;;;;;;;;;;;;;
;;;;;;;;;;;;;;;;;;;;;;;;
;;;;;;;;;;;;;;;;;;;;;;;;
;;;;;;;;;;;;;;;;;;;;;;;;
;;;;;;;;;;;;;;;;;;;;;;;;
;;;;;;;;;;;;;;;;;;;;;;;;
;;;;;;;;;;;;;;;;;;;;;;;;
;;;;;;;;;;;;;;;;;;;;;;;;
;;;;;;;;;;;;;;;;;;;;;;;;
;;;;;;;;;;;;;;;;;;;;;;;;
;;;;;;;;;;;;;;;;;;;;;;;;
;;;;;;;;;;;;;;;;;;;;;;;;
;;;;;;;;;;;;;;;;;;;;;;;;
;;;;;;;;;;;;;;;;;;;;;;;;
;;;;;;;;;;;;;;;;;;;;;;;;
;;;;;;;;;;;;;;;;;;;;;;;;
;;;;;;;;;;;;;;;;;;;;;;;;
;;;;;;;;;;;;;;;;;;;;;;;;
;;;;;;;;;;;;;;;;;;;;;;;;
;;;;;;;;;;;;;;;;;;;;;;;;
;;;;;;;;;;;;;;;;;;;;;;;;
;;;;;;;;;;;;;;;;;;;;;;;;
;;;;;;;;;;;;;;;;;;;;;;;;
;;;;;;;;;;;;;;;;;;;;;;;;
;;;;;;;;;;;;;;;;;;;;;;;;
;;;;;;;;;;;;;;;;;;;;;;;;
;;;;;;;;;;;;;;;;;;;;;;;;
;;;;;;;;;;;;;;;;;;;;;;;;
;;;;;;;;;;;;;;;;;;;;;;;;
;;;;;;;;;;;;;;;;;;;;;;;;
;;;;;;;;;;;;;;;;;;;;;;;;
;;;;;;;;;;;;;;;;;;;;;;;;
;;;;;;;;;;;;;;;;;;;;;;;;
;;;;;;;;;;;;;;;;;;;;;;;;
;;;;;;;;;;;;;;;;;;;;;;;;
;;;;;;;;;;;;;;;;;;;;;;;;
;;;;;;;;;;;;;;;;;;;;;;;;
;;;;;;;;;;;;;;;;;;;;;;;;
;;;;;;;;;;;;;;;;;;;;;;;;
;;;;;;;;;;;;;;;;;;;;;;;;
;;;;;;;;;;;;;;;;;;;;;;;;
;;;;;;;;;;;;;;;;;;;;;;;;
;;;;;;;;;;;;;;;;;;;;;;;;
;;;;;;;;;;;;;;;;;;;;;;;;
;;;;;;;;;;;;;;;;;;;;;;;;
;;;;;;;;;;;;;;;;;;;;;;;;
;;;;;;;;;;;;;;;;;;;;;;;;
;;;;;;;;;;;;;;;;;;;;;;;;
;;;;;;;;;;;;;;;;;;;;;;;;
;;;;;;;;;;;;;;;;;;;;;;;;
;;;;;;;;;;;;;;;;;;;;;;;;
;;;;;;;;;;;;;;;;;;;;;;;;
;;;;;;;;;;;;;;;;;;;;;;;;
;;;;;;;;;;;;;;;;;;;;;;;;
;;;;;;;;;;;;;;;;;;;;;;;;
;;;;;;;;;;;;;;;;;;;;;;;;
;;;;;;;;;;;;;;;;;;;;;;;;
;;;;;;;;;;;;;;;;;;;;;;;;
;;;;;;;;;;;;;;;;;;;;;;;;
;;;;;;;;;;;;;;;;;;;;;;;;
;;;;;;;;;;;;;;;;;;;;;;;;
;;;;;;;;;;;;;;;;;;;;;;;;
;;;;;;;;;;;;;;;;;;;;;;;;
;;;;;;;;;;;;;;;;;;;;;;;;
;;;;;;;;;;;;;;;;;;;;;;;;
;;;;;;;;;;;;;;;;;;;;;;;;
;;;;;;;;;;;;;;;;;;;;;;;;
;;;;;;;;;;;;;;;;;;;;;;;;
;;;;;;;;;;;;;;;;;;;;;;;;
;;;;;;;;;;;;;;;;;;;;;;;;
;;;;;;;;;;;;;;;;;;;;;;;;
;;;;;;;;;;;;;;;;;;;;;;;;
;;;;;;;;;;;;;;;;;;;;;;;;
;;;;;;;;;;;;;;;;;;;;;;;;
;;;;;;;;;;;;;;;;;;;;;;;;
;;;;;;;;;;;;;;;;;;;;;;;;
;;;;;;;;;;;;;;;;;;;;;;;;
;;;;;;;;;;;;;;;;;;;;;;;;
;;;;;;;;;;;;;;;;;;;;;;;;
;;;;;;;;;;;;;;;;;;;;;;;;
;;;;;;;;;;;;;;;;;;;;;;;;
;;;;;;;;;;;;;;;;;;;;;;;;
;;;;;;;;;;;;;;;;;;;;;;;;
;;;;;;;;;;;;;;;;;;;;;;;;
;;;;;;;;;;;;;;;;;;;;;;;;
;;;;;;;;;;;;;;;;;;;;;;;;
;;;;;;;;;;;;;;;;;;;;;;;;
;;;;;;;;;;;;;;;;;;;;;;;;
;;;;;;;;;;;;;;;;;;;;;;;;
;;;;;;;;;;;;;;;;;;;;;;;;
;;;;;;;;;;;;;;;;;;;;;;;;
;;;;;;;;;;;;;;;;;;;;;;;;
;;;;;;;;;;;;;;;;;;;;;;;;
;;;;;;;;;;;;;;;;;;;;;;;;
;;;;;;;;;;;;;;;;;;;;;;;;
;;;;;;;;;;;;;;;;;;;;;;;;
;;;;;;;;;;;;;;;;;;;;;;;;
;;;;;;;;;;;;;;;;;;;;;;;;
;;;;;;;;;;;;;;;;;;;;;;;;
;;;;;;;;;;;;;;;;;;;;;;;;
;;;;;;;;;;;;;;;;;;;;;;;;
;;;;;;;;;;;;;;;;;;;;;;;;
;;;;;;;;;;;;;;;;;;;;;;;;
;;;;;;;;;;;;;;;;;;;;;;;;
;;;;;;;;;;;;;;;;;;;;;;;;
;;;;;;;;;;;;;;;;;;;;;;;;
;;;;;;;;;;;;;;;;;;;;;;;;
;;;;;;;;;;;;;;;;;;;;;;;;
;;;;;;;;;;;;;;;;;;;;;;;;
;;;;;;;;;;;;;;;;;;;;;;;;
;;;;;;;;;;;;;;;;;;;;;;;;
;;;;;;;;;;;;;;;;;;;;;;;;
;;;;;;;;;;;;;;;;;;;;;;;;
;;;;;;;;;;;;;;;;;;;;;;;;
;;;;;;;;;;;;;;;;;;;;;;;;
;;;;;;;;;;;;;;;;;;;;;;;;
;;;;;;;;;;;;;;;;;;;;;;;;
;;;;;;;;;;;;;;;;;;;;;;;;
;;;;;;;;;;;;;;;;;;;;;;;;
;;;;;;;;;;;;;;;;;;;;;;;;
;;;;;;;;;;;;;;;;;;;;;;;;
;;;;;;;;;;;;;;;;;;;;;;;;
;;;;;;;;;;;;;;;;;;;;;;;;
;;;;;;;;;;;;;;;;;;;;;;;;
;;;;;;;;;;;;;;;;;;;;;;;;
;;;;;;;;;;;;;;;;;;;;;;;;
;;;;;;;;;;;;;;;;;;;;;;;;
;;;;;;;;;;;;;;;;;;;;;;;;
;;;;;;;;;;;;;;;;;;;;;;;;
;;;;;;;;;;;;;;;;;;;;;;;;
;;;;;;;;;;;;;;;;;;;;;;;;
;;;;;;;;;;;;;;;;;;;;;;;;
;;;;;;;;;;;;;;;;;;;;;;;;
;;;;;;;;;;;;;;;;;;;;;;;;
;;;;;;;;;;;;;;;;;;;;;;;;
;;;;;;;;;;;;;;;;;;;;;;;;
;;;;;;;;;;;;;;;;;;;;;;;;
;;;;;;;;;;;;;;;;;;;;;;;;
;;;;;;;;;;;;;;;;;;;;;;;;
;;;;;;;;;;;;;;;;;;;;;;;;
;;;;;;;;;;;;;;;;;;;;;;;;
;;;;;;;;;;;;;;;;;;;;;;;;
;;;;;;;;;;;;;;;;;;;;;;;;
;;;;;;;;;;;;;;;;;;;;;;;;
;;;;;;;;;;;;;;;;;;;;;;;;
;;;;;;;;;;;;;;;;;;;;;;;;
;;;;;;;;;;;;;;;;;;;;;;;;
;;;;;;;;;;;;;;;;;;;;;;;;
;;;;;;;;;;;;;;;;;;;;;;;;
;;;;;;;;;;;;;;;;;;;;;;;;
;;;;;;;;;;;;;;;;;;;;;;;;
;;;;;;;;;;;;;;;;;;;;;;;;
;;;;;;;;;;;;;;;;;;;;;;;;
;;;;;;;;;;;;;;;;;;;;;;;;
;;;;;;;;;;;;;;;;;;;;;;;;
;;;;;;;;;;;;;;;;;;;;;;;;
;;;;;;;;;;;;;;;;;;;;;;;;
;;;;;;;;;;;;;;;;;;;;;;;;
;;;;;;;;;;;;;;;;;;;;;;;;
;;;;;;;;;;;;;;;;;;;;;;;;
;;;;;;;;;;;;;;;;;;;;;;;;
;;;;;;;;;;;;;;;;;;;;;;;;
;;;;;;;;;;;;;;;;;;;;;;;;
;;;;;;;;;;;;;;;;;;;;;;;;
;;;;;;;;;;;;;;;;;;;;;;;;
;;;;;;;;;;;;;;;;;;;;;;;;
;;;;;;;;;;;;;;;;;;;;;;;;
;;;;;;;;;;;;;;;;;;;;;;;;
;;;;;;;;;;;;;;;;;;;;;;;;
;;;;;;;;;;;;;;;;;;;;;;;;
;;;;;;;;;;;;;;;;;;;;;;;;
;;;;;;;;;;;;;;;;;;;;;;;;
;;;;;;;;;;;;;;;;;;;;;;;;
;;;;;;;;;;;;;;;;;;;;;;;;
;;;;;;;;;;;;;;;;;;;;;;;;
;;;;;;;;;;;;;;;;;;;;;;;;
;;;;;;;;;;;;;;;;;;;;;;;;
;;;;;;;;;;;;;;;;;;;;;;;;
;;;;;;;;;;;;;;;;;;;;;;;;
;;;;;;;;;;;;;;;;;;;;;;;;
;;;;;;;;;;;;;;;;;;;;;;;;
;;;;;;;;;;;;;;;;;;;;;;;;
;;;;;;;;;;;;;;;;;;;;;;;;
;;;;;;;;;;;;;;;;;;;;;;;;
;;;;;;;;;;;;;;;;;;;;;;;;
;;;;;;;;;;;;;;;;;;;;;;;;
;;;;;;;;;;;;;;;;;;;;;;;;
;;;;;;;;;;;;;;;;;;;;;;;;
;;;;;;;;;;;;;;;;;;;;;;;;
;;;;;;;;;;;;;;;;;;;;;;;;
;;;;;;;;;;;;;;;;;;;;;;;;
;;;;;;;;;;;;;;;;;;;;;;;;
;;;;;;;;;;;;;;;;;;;;;;;;
;;;;;;;;;;;;;;;;;;;;;;;;
;;;;;;;;;;;;;;;;;;;;;;;;
;;;;;;;;;;;;;;;;;;;;;;;;
;;;;;;;;;;;;;;;;;;;;;;;;
;;;;;;;;;;;;;;;;;;;;;;;;
;;;;;;;;;;;;;;;;;;;;;;;;
;;;;;;;;;;;;;;;;;;;;;;;;
;;;;;;;;;;;;;;;;;;;;;;;;
;;;;;;;;;;;;;;;;;;;;;;;;
;;;;;;;;;;;;;;;;;;;;;;;;
;;;;;;;;;;;;;;;;;;;;;;;;
;;;;;;;;;;;;;;;;;;;;;;;;
;;;;;;;;;;;;;;;;;;;;;;;;
;;;;;;;;;;;;;;;;;;;;;;;;
;;;;;;;;;;;;;;;;;;;;;;;;
;;;;;;;;;;;;;;;;;;;;;;;;
;;;;;;;;;;;;;;;;;;;;;;;;
;;;;;;;;;;;;;;;;;;;;;;;;
;;;;;;;;;;;;;;;;;;;;;;;;
;;;;;;;;;;;;;;;;;;;;;;;;
;;;;;;;;;;;;;;;;;;;;;;;;
;;;;;;;;;;;;;;;;;;;;;;;;
;;;;;;;;;;;;;;;;;;;;;;;;
;;;;;;;;;;;;;;;;;;;;;;;;
;;;;;;;;;;;;;;;;;;;;;;;;
;;;;;;;;;;;;;;;;;;;;;;;;
;;;;;;;;;;;;;;;;;;;;;;;;
;;;;;;;;;;;;;;;;;;;;;;;;
;;;;;;;;;;;;;;;;;;;;;;;;
;;;;;;;;;;;;;;;;;;;;;;;;
;;;;;;;;;;;;;;;;;;;;;;;;
;;;;;;;;;;;;;;;;;;;;;;;;
;;;;;;;;;;;;;;;;;;;;;;;;
;;;;;;;;;;;;;;;;;;;;;;;;
;;;;;;;;;;;;;;;;;;;;;;;;
;;;;;;;;;;;;;;;;;;;;;;;;
;;;;;;;;;;;;;;;;;;;;;;;;
;;;;;;;;;;;;;;;;;;;;;;;;
;;;;;;;;;;;;;;;;;;;;;;;;
;;;;;;;;;;;;;;;;;;;;;;;;
;;;;;;;;;;;;;;;;;;;;;;;;
;;;;;;;;;;;;;;;;;;;;;;;;
;;;;;;;;;;;;;;;;;;;;;;;;
;;;;;;;;;;;;;;;;;;;;;;;;
;;;;;;;;;;;;;;;;;;;;;;;;
;;;;;;;;;;;;;;;;;;;;;;;;
;;;;;;;;;;;;;;;;;;;;;;;;
;;;;;;;;;;;;;;;;;;;;;;;;
;;;;;;;;;;;;;;;;;;;;;;;;
;;;;;;;;;;;;;;;;;;;;;;;;
;;;;;;;;;;;;;;;;;;;;;;;;
;;;;;;;;;;;;;;;;;;;;;;;;
;;;;;;;;;;;;;;;;;;;;;;;;
;;;;;;;;;;;;;;;;;;;;;;;;
;;;;;;;;;;;;;;;;;;;;;;;;
;;;;;;;;;;;;;;;;;;;;;;;;
;;;;;;;;;;;;;;;;;;;;;;;;
;;;;;;;;;;;;;;;;;;;;;;;;
;;;;;;;;;;;;;;;;;;;;;;;;
;;;;;;;;;;;;;;;;;;;;;;;;
;;;;;;;;;;;;;;;;;;;;;;;;
;;;;;;;;;;;;;;;;;;;;;;;;
;;;;;;;;;;;;;;;;;;;;;;;;
;;;;;;;;;;;;;;;;;;;;;;;;
;;;;;;;;;;;;;;;;;;;;;;;;
;;;;;;;;;;;;;;;;;;;;;;;;
;;;;;;;;;;;;;;;;;;;;;;;;
;;;;;;;;;;;;;;;;;;;;;;;;
;;;;;;;;;;;;;;;;;;;;;;;;
;;;;;;;;;;;;;;;;;;;;;;;;
;;;;;;;;;;;;;;;;;;;;;;;;
;;;;;;;;;;;;;;;;;;;;;;;;
;;;;;;;;;;;;;;;;;;;;;;;;
;;;;;;;;;;;;;;;;;;;;;;;;
;;;;;;;;;;;;;;;;;;;;;;;;
;;;;;;;;;;;;;;;;;;;;;;;;
;;;;;;;;;;;;;;;;;;;;;;;;
;;;;;;;;;;;;;;;;;;;;;;;;
;;;;;;;;;;;;;;;;;;;;;;;;
;;;;;;;;;;;;;;;;;;;;;;;;
;;;;;;;;;;;;;;;;;;;;;;;;
;;;;;;;;;;;;;;;;;;;;;;;;
;;;;;;;;;;;;;;;;;;;;;;;;
;;;;;;;;;;;;;;;;;;;;;;;;
;;;;;;;;;;;;;;;;;;;;;;;;
;;;;;;;;;;;;;;;;;;;;;;;;
;;;;;;;;;;;;;;;;;;;;;;;;
;;;;;;;;;;;;;;;;;;;;;;;;
;;;;;;;;;;;;;;;;;;;;;;;;
;;;;;;;;;;;;;;;;;;;;;;;;
;;;;;;;;;;;;;;;;;;;;;;;;
;;;;;;;;;;;;;;;;;;;;;;;;
;;;;;;;;;;;;;;;;;;;;;;;;
;;;;;;;;;;;;;;;;;;;;;;;;
;;;;;;;;;;;;;;;;;;;;;;;;
;;;;;;;;;;;;;;;;;;;;;;;;
;;;;;;;;;;;;;;;;;;;;;;;;
;;;;;;;;;;;;;;;;;;;;;;;;
;;;;;;;;;;;;;;;;;;;;;;;;
;;;;;;;;;;;;;;;;;;;;;;;;
;;;;;;;;;;;;;;;;;;;;;;;;
;;;;;;;;;;;;;;;;;;;;;;;;
;;;;;;;;;;;;;;;;;;;;;;;;
;;;;;;;;;;;;;;;;;;;;;;;;
;;;;;;;;;;;;;;;;;;;;;;;;
;;;;;;;;;;;;;;;;;;;;;;;;
;;;;;;;;;;;;;;;;;;;;;;;;
;;;;;;;;;;;;;;;;;;;;;;;;
;;;;;;;;;;;;;;;;;;;;;;;;
;;;;;;;;;;;;;;;;;;;;;;;;
;;;;;;;;;;;;;;;;;;;;;;;;
;;;;;;;;;;;;;;;;;;;;;;;;
;;;;;;;;;;;;;;;;;;;;;;;;
;;;;;;;;;;;;;;;;;;;;;;;;
;;;;;;;;;;;;;;;;;;;;;;;;
;;;;;;;;;;;;;;;;;;;;;;;;
;;;;;;;;;;;;;;;;;;;;;;;;
;;;;;;;;;;;;;;;;;;;;;;;;
;;;;;;;;;;;;;;;;;;;;;;;;
;;;;;;;;;;;;;;;;;;;;;;;;
;;;;;;;;;;;;;;;;;;;;;;;;
;;;;;;;;;;;;;;;;;;;;;;;;
;;;;;;;;;;;;;;;;;;;;;;;;
;;;;;;;;;;;;;;;;;;;;;;;;
;;;;;;;;;;;;;;;;;;;;;;;;
;;;;;;;;;;;;;;;;;;;;;;;;
;;;;;;;;;;;;;;;;;;;;;;;;
;;;;;;;;;;;;;;;;;;;;;;;;
;;;;;;;;;;;;;;;;;;;;;;;;
;;;;;;;;;;;;;;;;;;;;;;;;
;;;;;;;;;;;;;;;;;;;;;;;;
;;;;;;;;;;;;;;;;;;;;;;;;
;;;;;;;;;;;;;;;;;;;;;;;;
;;;;;;;;;;;;;;;;;;;;;;;;
;;;;;;;;;;;;;;;;;;;;;;;;
;;;;;;;;;;;;;;;;;;;;;;;;
;;;;;;;;;;;;;;;;;;;;;;;;
;;;;;;;;;;;;;;;;;;;;;;;;
;;;;;;;;;;;;;;;;;;;;;;;;
;;;;;;;;;;;;;;;;;;;;;;;;
;;;;;;;;;;;;;;;;;;;;;;;;
;;;;;;;;;;;;;;;;;;;;;;;;
;;;;;;;;;;;;;;;;;;;;;;;;
;;;;;;;;;;;;;;;;;;;;;;;;
;;;;;;;;;;;;;;;;;;;;;;;;
;;;;;;;;;;;;;;;;;;;;;;;;
;;;;;;;;;;;;;;;;;;;;;;;;
;;;;;;;;;;;;;;;;;;;;;;;;
;;;;;;;;;;;;;;;;;;;;;;;;
;;;;;;;;;;;;;;;;;;;;;;;;
;;;;;;;;;;;;;;;;;;;;;;;;
;;;;;;;;;;;;;;;;;;;;;;;;
;;;;;;;;;;;;;;;;;;;;;;;;
;;;;;;;;;;;;;;;;;;;;;;;;
;;;;;;;;;;;;;;;;;;;;;;;;
;;;;;;;;;;;;;;;;;;;;;;;;
;;;;;;;;;;;;;;;;;;;;;;;;
;;;;;;;;;;;;;;;;;;;;;;;;
;;;;;;;;;;;;;;;;;;;;;;;;
;;;;;;;;;;;;;;;;;;;;;;;;
;;;;;;;;;;;;;;;;;;;;;;;;
;;;;;;;;;;;;;;;;;;;;;;;;
;;;;;;;;;;;;;;;;;;;;;;;;
;;;;;;;;;;;;;;;;;;;;;;;;
;;;;;;;;;;;;;;;;;;;;;;;;
;;;;;;;;;;;;;;;;;;;;;;;;
;;;;;;;;;;;;;;;;;;;;;;;;
;;;;;;;;;;;;;;;;;;;;;;;;
;;;;;;;;;;;;;;;;;;;;;;;;
;;;;;;;;;;;;;;;;;;;;;;;;
;;;;;;;;;;;;;;;;;;;;;;;;
;;;;;;;;;;;;;;;;;;;;;;;;
;;;;;;;;;;;;;;;;;;;;;;;;
;;;;;;;;;;;;;;;;;;;;;;;;
;;;;;;;;;;;;;;;;;;;;;;;;
;;;;;;;;;;;;;;;;;;;;;;;;
;;;;;;;;;;;;;;;;;;;;;;;;
;;;;;;;;;;;;;;;;;;;;;;;;
;;;;;;;;;;;;;;;;;;;;;;;;
;;;;;;;;;;;;;;;;;;;;;;;;
;;;;;;;;;;;;;;;;;;;;;;;;
;;;;;;;;;;;;;;;;;;;;;;;;
;;;;;;;;;;;;;;;;;;;;;;;;
;;;;;;;;;;;;;;;;;;;;;;;;
;;;;;;;;;;;;;;;;;;;;;;;;
;;;;;;;;;;;;;;;;;;;;;;;;
;;;;;;;;;;;;;;;;;;;;;;;;
;;;;;;;;;;;;;;;;;;;;;;;;
;;;;;;;;;;;;;;;;;;;;;;;;
;;;;;;;;;;;;;;;;;;;;;;;;
;;;;;;;;;;;;;;;;;;;;;;;;
;;;;;;;;;;;;;;;;;;;;;;;;
;;;;;;;;;;;;;;;;;;;;;;;;
;;;;;;;;;;;;;;;;;;;;;;;;
;;;;;;;;;;;;;;;;;;;;;;;;
;;;;;;;;;;;;;;;;;;;;;;;;
;;;;;;;;;;;;;;;;;;;;;;;;
;;;;;;;;;;;;;;;;;;;;;;;;
;;;;;;;;;;;;;;;;;;;;;;;;
;;;;;;;;;;;;;;;;;;;;;;;;
;;;;;;;;;;;;;;;;;;;;;;;;
;;;;;;;;;;;;;;;;;;;;;;;;
;;;;;;;;;;;;;;;;;;;;;;;;
;;;;;;;;;;;;;;;;;;;;;;;;
;;;;;;;;;;;;;;;;;;;;;;;;
;;;;;;;;;;;;;;;;;;;;;;;;
;;;;;;;;;;;;;;;;;;;;;;;;
;;;;;;;;;;;;;;;;;;;;;;;;
;;;;;;;;;;;;;;;;;;;;;;;;
;;;;;;;;;;;;;;;;;;;;;;;;
;;;;;;;;;;;;;;;;;;;;;;;;
;;;;;;;;;;;;;;;;;;;;;;;;
;;;;;;;;;;;;;;;;;;;;;;;;
;;;;;;;;;;;;;;;;;;;;;;;;
;;;;;;;;;;;;;;;;;;;;;;;;
;;;;;;;;;;;;;;;;;;;;;;;;
;;;;;;;;;;;;;;;;;;;;;;;;
;;;;;;;;;;;;;;;;;;;;;;;;
;;;;;;;;;;;;;;;;;;;;;;;;
;;;;;;;;;;;;;;;;;;;;;;;;
;;;;;;;;;;;;;;;;;;;;;;;;
;;;;;;;;;;;;;;;;;;;;;;;;
;;;;;;;;;;;;;;;;;;;;;;;;
;;;;;;;;;;;;;;;;;;;;;;;;
;;;;;;;;;;;;;;;;;;;;;;;;
;;;;;;;;;;;;;;;;;;;;;;;;
;;;;;;;;;;;;;;;;;;;;;;;;
;;;;;;;;;;;;;;;;;;;;;;;;
;;;;;;;;;;;;;;;;;;;;;;;;
;;;;;;;;;;;;;;;;;;;;;;;;
;;;;;;;;;;;;;;;;;;;;;;;;
;;;;;;;;;;;;;;;;;;;;;;;;
;;;;;;;;;;;;;;;;;;;;;;;;
;;;;;;;;;;;;;;;;;;;;;;;;
;;;;;;;;;;;;;;;;;;;;;;;;
;;;;;;;;;;;;;;;;;;;;;;;;
;;;;;;;;;;;;;;;;;;;;;;;;
;;;;;;;;;;;;;;;;;;;;;;;;
;;;;;;;;;;;;;;;;;;;;;;;;
;;;;;;;;;;;;;;;;;;;;;;;;
;;;;;;;;;;;;;;;;;;;;;;;;
;;;;;;;;;;;;;;;;;;;;;;;;
;;;;;;;;;;;;;;;;;;;;;;;;
;;;;;;;;;;;;;;;;;;;;;;;;
;;;;;;;;;;;;;;;;;;;;;;;;
;;;;;;;;;;;;;;;;;;;;;;;;
;;;;;;;;;;;;;;;;;;;;;;;;
;;;;;;;;;;;;;;;;;;;;;;;;
;;;;;;;;;;;;;;;;;;;;;;;;
;;;;;;;;;;;;;;;;;;;;;;;;
;;;;;;;;;;;;;;;;;;;;;;;;
;;;;;;;;;;;;;;;;;;;;;;;;
;;;;;;;;;;;;;;;;;;;;;;;;
;;;;;;;;;;;;;;;;;;;;;;;;
;;;;;;;;;;;;;;;;;;;;;;;;
;;;;;;;;;;;;;;;;;;;;;;;;
;;;;;;;;;;;;;;;;;;;;;;;;
;;;;;;;;;;;;;;;;;;;;;;;;
;;;;;;;;;;;;;;;;;;;;;;;;
;;;;;;;;;;;;;;;;;;;;;;;;
;;;;;;;;;;;;;;;;;;;;;;;;
;;;;;;;;;;;;;;;;;;;;;;;;
;;;;;;;;;;;;;;;;;;;;;;;;
;;;;;;;;;;;;;;;;;;;;;;;;
;;;;;;;;;;;;;;;;;;;;;;;;
;;;;;;;;;;;;;;;;;;;;;;;;
;;;;;;;;;;;;;;;;;;;;;;;;
;;;;;;;;;;;;;;;;;;;;;;;;
;;;;;;;;;;;;;;;;;;;;;;;;
;;;;;;;;;;;;;;;;;;;;;;;;
;;;;;;;;;;;;;;;;;;;;;;;;
;;;;;;;;;;;;;;;;;;;;;;;;
;;;;;;;;;;;;;;;;;;;;;;;;
;;;;;;;;;;;;;;;;;;;;;;;;
;;;;;;;;;;;;;;;;;;;;;;;;
;;;;;;;;;;;;;;;;;;;;;;;;
;;;;;;;;;;;;;;;;;;;;;;;;
;;;;;;;;;;;;;;;;;;;;;;;;
;;;;;;;;;;;;;;;;;;;;;;;;
;;;;;;;;;;;;;;;;;;;;;;;;
;;;;;;;;;;;;;;;;;;;;;;;;
;;;;;;;;;;;;;;;;;;;;;;;;
;;;;;;;;;;;;;;;;;;;;;;;;
;;;;;;;;;;;;;;;;;;;;;;;;
;;;;;;;;;;;;;;;;;;;;;;;;
;;;;;;;;;;;;;;;;;;;;;;;;
;;;;;;;;;;;;;;;;;;;;;;;;
;;;;;;;;;;;;;;;;;;;;;;;;
;;;;;;;;;;;;;;;;;;;;;;;;
;;;;;;;;;;;;;;;;;;;;;;;;
;;;;;;;;;;;;;;;;;;;;;;;;
;;;;;;;;;;;;;;;;;;;;;;;;
;;;;;;;;;;;;;;;;;;;;;;;;
;;;;;;;;;;;;;;;;;;;;;;;;
;;;;;;;;;;;;;;;;;;;;;;;;
;;;;;;;;;;;;;;;;;;;;;;;;
;;;;;;;;;;;;;;;;;;;;;;;;
;;;;;;;;;;;;;;;;;;;;;;;;
;;;;;;;;;;;;;;;;;;;;;;;;
;;;;;;;;;;;;;;;;;;;;;;;;
;;;;;;;;;;;;;;;;;;;;;;;;
;;;;;;;;;;;;;;;;;;;;;;;;
;;;;;;;;;;;;;;;;;;;;;;;;
;;;;;;;;;;;;;;;;;;;;;;;;
;;;;;;;;;;;;;;;;;;;;;;;;
;;;;;;;;;;;;;;;;;;;;;;;;
;;;;;;;;;;;;;;;;;;;;;;;;
;;;;;;;;;;;;;;;;;;;;;;;;
;;;;;;;;;;;;;;;;;;;;;;;;
;;;;;;;;;;;;;;;;;;;;;;;;
;;;;;;;;;;;;;;;;;;;;;;;;
;;;;;;;;;;;;;;;;;;;;;;;;
;;;;;;;;;;;;;;;;;;;;;;;;
;;;;;;;;;;;;;;;;;;;;;;;;
;;;;;;;;;;;;;;;;;;;;;;;;
;;;;;;;;;;;;;;;;;;;;;;;;
;;;;;;;;;;;;;;;;;;;;;;;;
;;;;;;;;;;;;;;;;;;;;;;;;
;;;;;;;;;;;;;;;;;;;;;;;;
;;;;;;;;;;;;;;;;;;;;;;;;
;;;;;;;;;;;;;;;;;;;;;;;;
;;;;;;;;;;;;;;;;;;;;;;;;
;;;;;;;;;;;;;;;;;;;;;;;;
;;;;;;;;;;;;;;;;;;;;;;;;
;;;;;;;;;;;;;;;;;;;;;;;;
;;;;;;;;;;;;;;;;;;;;;;;;
;;;;;;;;;;;;;;;;;;;;;;;;
;;;;;;;;;;;;;;;;;;;;;;;;
;;;;;;;;;;;;;;;;;;;;;;;;
;;;;;;;;;;;;;;;;;;;;;;;;
;;;;;;;;;;;;;;;;;;;;;;;;
;;;;;;;;;;;;;;;;;;;;;;;;
;;;;;;;;;;;;;;;;;;;;;;;;
;;;;;;;;;;;;;;;;;;;;;;;;
;;;;;;;;;;;;;;;;;;;;;;;;
;;;;;;;;;;;;;;;;;;;;;;;;
;;;;;;;;;;;;;;;;;;;;;;;;
;;;;;;;;;;;;;;;;;;;;;;;;
;;;;;;;;;;;;;;;;;;;;;;;;
;;;;;;;;;;;;;;;;;;;;;;;;
;;;;;;;;;;;;;;;;;;;;;;;;
;;;;;;;;;;;;;;;;;;;;;;;;
;;;;;;;;;;;;;;;;;;;;;;;;
;;;;;;;;;;;;;;;;;;;;;;;;
;;;;;;;;;;;;;;;;;;;;;;;;
;;;;;;;;;;;;;;;;;;;;;;;;
;;;;;;;;;;;;;;;;;;;;;;;;
;;;;;;;;;;;;;;;;;;;;;;;;
;;;;;;;;;;;;;;;;;;;;;;;;
;;;;;;;;;;;;;;;;;;;;;;;;
;;;;;;;;;;;;;;;;;;;;;;;;
;;;;;;;;;;;;;;;;;;;;;;;;
;;;;;;;;;;;;;;;;;;;;;;;;
;;;;;;;;;;;;;;;;;;;;;;;;
;;;;;;;;;;;;;;;;;;;;;;;;
;;;;;;;;;;;;;;;;;;;;;;;;
;;;;;;;;;;;;;;;;;;;;;;;;
;;;;;;;;;;;;;;;;;;;;;;;;
;;;;;;;;;;;;;;;;;;;;;;;;
;;;;;;;;;;;;;;;;;;;;;;;;
;;;;;;;;;;;;;;;;;;;;;;;;
;;;;;;;;;;;;;;;;;;;;;;;;
;;;;;;;;;;;;;;;;;;;;;;;;
;;;;;;;;;;;;;;;;;;;;;;;;
;;;;;;;;;;;;;;;;;;;;;;;;
;;;;;;;;;;;;;;;;;;;;;;;;
;;;;;;;;;;;;;;;;;;;;;;;;
;;;;;;;;;;;;;;;;;;;;;;;;
;;;;;;;;;;;;;;;;;;;;;;;;
;;;;;;;;;;;;;;;;;;;;;;;;
;;;;;;;;;;;;;;;;;;;;;;;;