SiteCode,RefCode,YearStart,YearFinish,Duration,SamplingEffort,BatEcologicalScale,FlyEcologicalScale,BatSamplingMethod,SamplingNights,SamplingHours,SamplingMistnets,SamplingStrata,SamplingSeason,Observation
BFA001,BFR001,2014,2015,3,NA,single,all,mist nets,NA,NA,NA,NA,NA,NA
BFA002,BFR002,2012,2012,8,2654208,all,all,mist nets,32,12,8,U,NA,NA
BFA003,BFR003,1998,2004,1,NA,all,all,mist nets,3,4,NA,NA,NA,NA
BFA004,BFR003,1998,2004,1,NA,all,all,mist nets,3,4,NA,NA,NA,NA
BFA005,BFR003,1998,2004,1,NA,all,all,mist nets,3,4,NA,NA,NA,NA
BFA006,BFR003,1998,2004,1,NA,all,all,mist nets,3,4,NA,NA,NA,NA
BFA007,BFR003,1998,2004,1,NA,all,all,mist nets,3,4,NA,NA,NA,NA
BFA008,BFR003,1998,2004,1,NA,all,all,mist nets,3,4,NA,NA,NA,NA
BFA009,BFR003,1998,2004,1,NA,all,all,mist nets,3,4,NA,NA,NA,NA
BFA010,BFR003,1998,2004,1,NA,all,all,mist nets,3,4,NA,NA,NA,NA
BFA011,BFR003,1998,2004,1,NA,all,all,mist nets,3,4,NA,NA,NA,NA
BFA012,BFR003,1998,2004,1,NA,all,all,mist nets,3,4,NA,NA,NA,NA
BFA013,BFR003,1995,2004,1,NA,all,all,mist nets,3,4,NA,NA,NA,NA
BFA014,BFR003,1998,2004,1,NA,all,all,mist nets,3,4,NA,NA,NA,NA
BFA015,BFR003,1998,2004,1,NA,all,all,mist nets,3,4,NA,NA,NA,NA
BFA016,BFR003,1998,2004,1,NA,all,all,mist nets,3,4,NA,NA,NA,NA
BFA017,BFR003,1998,2004,1,NA,all,all,mist nets,3,4,NA,NA,NA,NA
BFA018,BFR003,1998,2004,1,NA,all,all,mist nets,3,4,NA,NA,NA,NA
BFA019,BFR003,1998,2004,1,NA,all,all,mist nets,3,4,NA,NA,NA,NA
BFA020,BFR003,1998,2004,1,NA,all,all,mist nets,3,4,NA,NA,NA,NA
BFA021,BFR003,1998,2004,1,NA,all,all,mist nets,3,4,NA,NA,NA,NA
BFA022,BFR003,1998,2004,1,NA,all,all,mist nets,3,4,NA,NA,NA,NA
BFA023,BFR003,1998,2004,1,NA,all,all,mist nets,3,4,NA,NA,NA,NA
BFA024,BFR003,1998,2004,1,NA,all,all,mist nets,3,4,NA,NA,NA,NA
BFA025,BFR003,1998,2004,1,NA,all,all,mist nets,3,4,NA,NA,NA,NA
BFA026,BFR004,2003,2006,NA,NA,all,all,mist nets,NA,7,NA,NA,NA,NA
BFA027,BFR004,2003,2006,NA,NA,all,all,mist nets,NA,7,NA,NA,NA,NA
BFA028,BFR004,2003,2006,NA,NA,all,all,mist nets,NA,7,NA,NA,NA,NA
BFA029,BFR004,2003,2006,NA,NA,all,all,mist nets,NA,7,NA,NA,NA,NA
BFA030,BFR004,2003,2006,NA,NA,all,all,mist nets,NA,7,NA,NA,NA,NA
BFA031,BFR004,2003,2006,NA,NA,all,all,mist nets,NA,7,NA,NA,NA,NA
BFA032,BFR004,2003,2006,NA,NA,all,all,mist nets,NA,7,NA,NA,NA,NA
BFA033,BFR004,2003,2006,NA,NA,all,all,mist nets,NA,7,NA,NA,NA,NA
BFA034,BFR004,2003,2006,NA,NA,all,all,mist nets,NA,7,NA,NA,NA,NA
BFA035,BFR004,2003,2006,NA,NA,all,all,mist nets,NA,7,NA,NA,NA,NA
BFA036,BFR004,2003,2006,NA,NA,all,all,mist nets,NA,7,NA,NA,NA,NA
BFA037,BFR004,2003,2006,NA,NA,all,all,mist nets,NA,7,NA,NA,NA,NA
BFA038,BFR004,2003,2006,NA,NA,all,all,mist nets,NA,7,NA,NA,NA,NA
BFA039,BFR004,2003,2006,NA,NA,all,all,mist nets,NA,7,NA,NA,NA,NA
BFA040,BFR004,2003,2006,NA,NA,all,all,mist nets,NA,7,NA,NA,NA,NA
BFA041,BFR004,2003,2006,NA,NA,all,all,mist nets,NA,7,NA,NA,NA,NA
BFA042,BFR004,2003,2006,NA,NA,all,all,mist nets,NA,7,NA,NA,NA,NA
BFA043,BFR004,2003,2006,NA,NA,all,all,mist nets,NA,7,NA,NA,NA,NA
BFA044,BFR004,2003,2006,NA,NA,all,all,mist nets,NA,7,NA,NA,NA,NA
BFA045,BFR004,2003,2006,NA,NA,all,all,mist nets,NA,7,NA,NA,NA,NA
BFA046,BFR004,2003,2006,NA,NA,all,all,mist nets,NA,7,NA,NA,NA,NA
BFA047,BFR004,2003,2006,NA,NA,all,all,mist nets,NA,7,NA,NA,NA,NA
BFA048,BFR004,2003,2006,NA,NA,all,all,mist nets,NA,7,NA,NA,NA,NA
BFA049,BFR004,2003,2006,NA,NA,all,all,mist nets,NA,7,NA,NA,NA,NA
BFA050,BFR004,2003,2006,NA,NA,all,all,mist nets,NA,7,NA,NA,NA,NA
BFA051,BFR004,2003,2006,NA,NA,all,all,mist nets,NA,7,NA,NA,NA,NA
BFA052,BFR004,2003,2006,NA,NA,all,all,mist nets,NA,7,NA,NA,NA,NA
BFA053,BFR004,2003,2006,NA,NA,all,all,mist nets,NA,7,NA,NA,NA,NA
BFA054,BFR004,2003,2006,NA,NA,all,all,mist nets,NA,7,NA,NA,NA,NA
BFA055,BFR004,2003,2006,NA,NA,all,all,mist nets,NA,7,NA,NA,NA,NA
BFA056,BFR004,2003,2006,NA,NA,all,all,mist nets,NA,7,NA,NA,NA,NA
BFA057,BFR004,2003,2006,NA,NA,all,all,mist nets,NA,7,NA,NA,NA,NA
BFA058,BFR004,2003,2006,NA,NA,all,all,mist nets,NA,7,NA,NA,NA,NA
BFA059,BFR004,2003,2006,NA,NA,all,all,mist nets,NA,7,NA,NA,NA,NA
BFA060,BFR004,2003,2006,NA,NA,all,all,mist nets,NA,7,NA,NA,NA,NA
BFA061,BFR004,2003,2006,NA,NA,all,all,mist nets,NA,7,NA,NA,NA,NA
BFA062,BFR004,2003,2006,NA,NA,all,all,mist nets,NA,7,NA,NA,NA,NA
BFA063,BFR004,2003,2006,NA,NA,all,all,mist nets,NA,7,NA,NA,NA,NA
BFA064,BFR004,2003,2006,NA,NA,all,all,mist nets,NA,7,NA,NA,NA,NA
BFA065,BFR004,2003,2006,NA,NA,all,all,mist nets,NA,7,NA,NA,NA,NA
BFA066,BFR004,2003,2006,NA,NA,all,all,mist nets,NA,7,NA,NA,NA,NA
BFA067,BFR004,2003,2006,NA,NA,all,all,mist nets,NA,7,NA,NA,NA,NA
BFA068,BFR005,2008,2011,NA,NA,all,all,mist nets,NA,NA,NA,NA,NA,NA
BFA069,BFR005,2008,2011,NA,NA,all,all,mist nets,NA,NA,NA,NA,NA,NA
BFA070,BFR005,2008,2011,NA,NA,all,all,mist nets,NA,NA,NA,NA,NA,NA
BFA071,BFR005,2008,2011,NA,NA,all,all,mist nets,NA,NA,NA,NA,NA,NA
BFA072,BFR005,2008,2011,NA,NA,all,all,mist nets,NA,NA,NA,NA,NA,NA
BFA073,BFR005,2008,2011,NA,NA,all,all,mist nets,NA,NA,NA,NA,NA,NA
BFA074,BFR005,2008,2011,NA,NA,all,all,mist nets,NA,NA,NA,NA,NA,NA
BFA075,BFR005,2008,2011,NA,NA,all,all,mist nets,NA,NA,NA,NA,NA,NA
BFA076,BFR005,2008,2011,NA,NA,all,all,mist nets,NA,NA,NA,NA,NA,NA
BFA077,BFR005,2008,2011,NA,NA,all,all,mist nets,NA,NA,NA,NA,NA,NA
BFA078,BFR005,2008,2011,NA,NA,all,all,mist nets,NA,NA,NA,NA,NA,NA
BFA079,BFR006,1997,1997,7,NA,leafnosed,all,mist nets,NA,NA,NA,NA,NA,NA
BFA080,BFR007,2012,2015,44,NA,all,all,mist nets,NA,5,NA,NA,NA,NA
BFA081,BFR008,2017,2020,43,156000,all,all,mist nets,104,NA,10,NA,NA,NA
BFA082,BFR009,2012,2013,5,28080,all,all,mist nets,9,9,6,NA,NA,NA
BFA083,BFR010,2014,2015,12,117000,all,all,mist nets,NA,6,10,NA,NA,NA
BFA084,BFR010,2014,2015,10,117000,all,all,mist nets,NA,6,10,NA,NA,NA
BFA085,BFR010,2014,2015,10,117000,all,all,mist nets,NA,6,10,NA,NA,NA
BFA086,BFR011,2017,2017,1,NA,single,single,hand net,NA,NA,NA,NA,NA,NA
BFA087,BFR012,2014,2016,22,55580,all,all,mist nets,60,4,12,NA,NA,NA
BFA088,BFR012,2014,2016,22,55580,all,all,mist nets,60,4,12,NA,NA,NA
BFA089,BFR012,2014,2016,22,55580,all,all,mist nets,60,4,12,NA,NA,NA
BFA090,BFR012,2014,2016,22,55580,all,all,mist nets,60,4,12,NA,NA,NA
BFA091,BFR012,2014,2016,22,55580,all,all,mist nets,60,4,12,NA,NA,NA
BFA092,BFR012,2014,2016,22,55580,all,all,mist nets,60,4,12,NA,NA,NA
BFA093,BFR012,2014,2016,22,55580,all,all,mist nets,60,4,12,NA,NA,NA
BFA094,BFR012,2014,2016,22,55580,all,all,mist nets,60,4,12,NA,NA,NA
BFA095,BFR012,2014,2016,22,55580,all,all,mist nets,60,4,12,NA,NA,NA
BFA096,BFR012,2014,2016,22,55580,all,all,mist nets,60,4,12,NA,NA,NA
BFA097,BFR012,2014,2016,22,55580,all,all,mist nets,60,4,12,NA,NA,NA
BFA098,BFR013,2015,2015,NA,NA,single,single,NA,NA,NA,NA,NA,NA,NA
BFA099,BFR014,2014,2015,13,63180,all,all,mist nets,39,6,9,NA,NA,NA
BFA100,BFR015,2000,2001,12,NA,all,all,mist nets,36,6,8,NA,NA,NA
BFA101,BFR016,2016,2017,12,NA,all,all,mist nets,24,6,10,NA,NA,NA
BFA102,BFR017,2013,2013,6,NA,all,all,mist nets,NA,6,NA,U,NA,NA
BFA103,BFR017,2013,2015,19,NA,all,all,mist nets,NA,6,NA,U,NA,NA
BFA104,BFR018,2010,2012,8,NA,leafnosed,all,mist nets,24,5,5,U,NA,NA
BFA105,BFR018,2010,2012,8,NA,leafnosed,all,mist nets,24,5,5,U,NA,NA
BFA106,BFR019,2005,2005,11,15120,all,all,mist nets,44,3,6,NA,NA,NA
BFA107,BFR020,2005,2006,12,NA,all,all,mist nets,36,5,4,U,NA,NA
BFA085,BFR021,2014,2015,12,41400,single,all,mist nets,25,6,NA,NA,NA,NA
BFA108,BFR022,2011,2012,4,NA,all,all,mist nets,20,6,NA,NA,NA,NA
BFA109,BFR023,2010,2012,9,641520,all,all,"mist nets, harp trap",27,5.5,5,U,Dry,NA
BFA110,BFR023,2010,2012,9,641520,all,all,"mist nets, harp trap",27,5.5,5,U,Dry,NA
BFA111,BFR023,2010,2012,9,641520,all,all,"mist nets, harp trap",27,5.5,5,U,Dry,NA
BFA112,BFR023,2010,2012,9,641520,all,all,"mist nets, harp trap",27,5.5,5,U,Dry,NA
BFA113,BFR023,2010,2012,9,641520,all,all,"mist nets, harp trap",27,5.5,5,U,Dry,NA
BFA114,BFR023,2010,2012,9,641520,all,all,"mist nets, harp trap",27,5.5,5,U,Dry,NA
BFA115,BFR023,2010,2012,9,641520,all,all,"mist nets, harp trap",27,5.5,5,U,Dry,NA
BFA116,BFR023,2010,2012,9,641520,all,all,"mist nets, harp trap",27,5.5,5,U,Dry,NA
BFA117,BFR023,2010,2012,9,641520,all,all,"mist nets, harp trap",27,5.5,5,U,Dry,NA
BFA118,BFR023,2010,2012,9,641520,all,all,"mist nets, harp trap",27,5.5,5,U,Dry,NA
BFA119,BFR023,2010,2012,9,641520,all,all,"mist nets, harp trap",27,5.5,5,U,Dry,NA
BFA120,BFR023,2010,2012,9,641520,all,all,"mist nets, harp trap",27,5.5,5,U,Dry,NA
BFA121,BFR023,2010,2012,9,641520,all,all,"mist nets, harp trap",27,5.5,5,U,Dry,NA
BFA122,BFR023,2010,2012,9,641520,all,all,"mist nets, harp trap",27,5.5,5,U,Dry,NA
BFA123,BFR023,2010,2012,9,641520,all,all,"mist nets, harp trap",27,5.5,5,U,Dry,NA
BFA124,BFR023,2010,2012,9,641520,all,all,"mist nets, harp trap",27,5.5,5,U,Dry,NA
BFA125,BFR023,2010,2012,9,641520,all,all,"mist nets, harp trap",27,5.5,5,U,Dry,NA
BFA126,BFR023,2010,2012,9,641520,all,all,"mist nets, harp trap",27,5.5,5,U,Dry,NA
BFA127,BFR023,2010,2012,9,641520,all,all,"mist nets, harp trap",27,5.5,5,U,Dry,NA
BFA128,BFR023,2010,2012,9,641520,all,all,"mist nets, harp trap",27,5.5,5,U,Dry,NA
BFA129,BFR023,2010,2012,9,641520,all,all,"mist nets, harp trap",27,5.5,5,U,Dry,NA
BFA130,BFR023,2010,2012,9,641520,all,all,"mist nets, harp trap",27,5.5,5,U,Dry,NA
BFA131,BFR023,2010,2012,9,641520,all,all,"mist nets, harp trap",27,5.5,5,U,Dry,NA
BFA132,BFR023,2010,2012,9,641520,all,all,"mist nets, harp trap",27,5.5,5,U,Dry,NA
BFA133,BFR024,2010,2012,19,NA,all,all,mist nets,NA,NA,NA,U,NA,NA
BFA134,BFR024,2010,2012,19,NA,all,all,mist nets,NA,NA,NA,U,NA,NA
BFA135,BFR024,2010,2012,19,NA,all,all,mist nets,NA,NA,NA,U,NA,NA
BFA136,BFR024,2010,2012,19,NA,all,all,mist nets,NA,NA,NA,U,NA,NA
BFA137,BFR024,2010,2012,19,NA,all,all,mist nets,NA,NA,NA,U,NA,NA
BFA138,BFR024,2010,2012,19,NA,all,all,mist nets,NA,NA,NA,U,NA,NA
BFA139,BFR024,2010,2012,19,NA,all,all,mist nets,NA,NA,NA,U,NA,NA
BFA140,BFR024,2010,2012,19,NA,all,all,mist nets,NA,NA,NA,U,NA,NA
BFA141,BFR024,2010,2012,19,NA,all,all,mist nets,NA,NA,NA,U,NA,NA
BFA142,BFR024,2010,2012,19,NA,all,all,mist nets,NA,NA,NA,U,NA,NA
BFA143,BFR024,2010,2012,19,NA,all,all,mist nets,NA,NA,NA,U,NA,NA
BFA144,BFR024,2010,2012,19,NA,all,all,mist nets,NA,NA,NA,U,NA,NA
BFA145,BFR024,2010,2012,19,NA,all,all,mist nets,NA,NA,NA,U,NA,NA
BFA146,BFR025,2016,2017,NA,NA,all,all,mist nets,NA,6,10,NA,NA,"""(1)Praia Grande        National Park of Aparados da Serra  Duration 7, Samplingeffort        30240,      Samplingnights 21    
(2)Criciúma        Peirurban matrix of Criciúma municipality  Duration 9, Samplingeffort        14040,      Samplingnights 18      "
BFA147,BFR026,1993,2018,NA,NA,all,all,NA,NA,NA,NA,NA,NA,NA
BFA148,BFR026,1993,2018,NA,NA,all,all,NA,NA,NA,NA,NA,NA,NA
BFA149,BFR026,1993,2018,NA,NA,all,all,NA,NA,NA,NA,NA,NA,NA
BFA150,BFR026,1993,2018,NA,NA,all,all,NA,NA,NA,NA,NA,NA,NA
BFA151,BFR026,1993,2018,NA,NA,all,all,NA,NA,NA,NA,NA,NA,NA
BFA152,BFR027,2012,2013,21,33210,all,all,mist nets,54,5,10,NA,NA,NA
BFA153,BFR028,2006,2007,14,16140,all,all,mist nets,NA,6,NA,U,NA,NA
BFA154,BFR029,1994,1999,NA,NA,all,all,NA,NA,NA,NA,NA,NA,NA
BFA155,BFR030,2006,2008,2,NA,single,all,NA,NA,NA,NA,NA,NA,NA
BFA156,BFR031,2011,2012,15,NA,leafnosed,all,mist nets,36,NA,NA,NA,NA,NA
BFA157,BFR032,2015,2016,12,23828,all,all,mist nets,36,6,4,NA,NA,NA
BFA158,BFR033,1990,1991,13,58032,leafnosed,all,mist nets,NA,12,5,NA,NA,NA
BFA159,BFR034,2013,2014,9,NA,all,all,mist nets,NA,6,4,U,NA,Authors stated that records corresponding to possible accidental contamination were removed
BFA160,BFR035,2004,2005,7,38707.2,leafnosed,all,mist nets,2,6,4,NA,NA,NA
BFA161,BFR036,2008,2008,1,1080,single,all,mist nets,1,2,1,U,NA,NA
BFA162,BFR036,2008,2008,1,4320,single,all,mist nets,4,2,1,U,NA,NA
BFA163,BFR037,2012,2012,1,NA,single,all,mist nets,NA,NA,3,U,NA,Samplingmistnet in 3 and 1
BFA164,BFR038,2015,2015,1,NA,all,all,mist nets,14,NA,4-9,U,NA,NA
BFA165,BFR039,2004,2005,12,NA,all,all,mist nets,36,12,2,U,NA,NA
BFA166,BFR040,2007,2009,22,441600,all,all,mist nets,16,6,14,U,NA,NA
BFA167,BFR041,2012,2013,4,2073600,all,all,mist nets,36,4,20,U,NA,Authors stated that records corresponding to possible accidental contamination were removed
BFA168,BFR042,2001,2003,18,737800,all,all,mist nets,NA,NA,NA,NA,NA,NA
BFA169,BFR043,2003,2003,1,NA,single,single,NA,NA,NA,NA,NA,NA,NA
BFA100,BFR043,2000,2003,1,NA,single,single,NA,NA,NA,NA,NA,NA,NA
BFA170,BFR043,1989,1989,1,NA,single,single,NA,NA,NA,NA,NA,NA,NA
BFA171,BFR044,1992,1992,1,NA,single,single,mist nets,NA,NA,NA,NA,NA,NA
BFA172,BFR045,1990,2013,NA,NA,all,all,"mist nets, harp trap",NA,NA,NA,U,NA,NA
BFA173,BFR045,1990,2013,NA,NA,all,all,"mist nets, harp trap",NA,NA,NA,U,NA,NA
BFA174,BFR045,1990,2013,NA,NA,all,all,"mist nets, harp trap",NA,NA,NA,U,NA,NA
BFA175,BFR045,1990,2013,NA,NA,all,all,"mist nets, harp trap",NA,NA,NA,U,NA,NA
BFA176,BFR045,1990,2013,NA,NA,all,all,"mist nets, harp trap",NA,NA,NA,U,NA,NA
BFA177,BFR045,1990,2013,NA,NA,all,all,"mist nets, harp trap",NA,NA,NA,U,NA,NA
BFA178,BFR045,1990,2013,NA,NA,all,all,"mist nets, harp trap",NA,NA,NA,U,NA,NA
BFA179,BFR045,1990,2013,NA,NA,all,all,"mist nets, harp trap",NA,NA,NA,U,NA,NA
BFA180,BFR045,1990,2013,NA,NA,all,all,"mist nets, harp trap",NA,NA,NA,U,NA,NA
BFA181,BFR045,1990,2013,NA,NA,all,all,"mist nets, harp trap",NA,NA,NA,U,NA,NA
BFA182,BFR045,1990,2013,NA,NA,all,all,"mist nets, harp trap",NA,NA,NA,U,NA,NA
BFA183,BFR045,1990,2013,NA,NA,all,all,"mist nets, harp trap",NA,NA,NA,U,NA,NA
BFA184,BFR045,1990,2013,NA,NA,all,all,"mist nets, harp trap",NA,NA,NA,U,NA,NA
BFA185,BFR045,1990,2013,NA,NA,all,all,"mist nets, harp trap",NA,NA,NA,U,NA,NA
BFA186,BFR045,1990,2013,NA,NA,all,all,"mist nets, harp trap",NA,NA,NA,U,NA,NA
BFA187,BFR045,1990,2013,NA,NA,all,all,"mist nets, harp trap",NA,NA,NA,U,NA,NA
BFA188,BFR045,1990,2013,NA,NA,all,all,"mist nets, harp trap",NA,NA,NA,U,NA,NA
BFA189,BFR045,1990,2013,NA,NA,all,all,"mist nets, harp trap",NA,NA,NA,U,NA,NA
BFA190,BFR045,1990,2013,NA,NA,all,all,"mist nets, harp trap",NA,NA,NA,U,NA,NA
BFA191,BFR045,1990,2013,NA,NA,all,all,"mist nets, harp trap",NA,NA,NA,U,NA,NA
BFA192,BFR045,1990,2013,NA,NA,all,all,"mist nets, harp trap",NA,NA,NA,U,NA,NA
BFA193,BFR045,1990,2013,NA,NA,all,all,"mist nets, harp trap",NA,NA,NA,U,NA,NA
BFA194,BFR045,1990,2013,NA,NA,all,all,"mist nets, harp trap",NA,NA,NA,U,NA,NA
BFA195,BFR045,1990,2013,NA,NA,all,all,"mist nets, harp trap",NA,NA,NA,U,NA,NA
BFA196,BFR045,1990,2013,NA,NA,all,all,"mist nets, harp trap",NA,NA,NA,U,NA,NA
BFA197,BFR046,1999,2001,NA,NA,leafnosed,all,NA,NA,NA,NA,NA,NA,NA
BFA198,BFR047,2000,2001,11,NA,all,all,mist nets,60,4,NA,NA,NA,NA
BFA199,BFR048,1996,1998,NA,NA,single,all,NA,NA,NA,NA,NA,NA,NA
BFA200,BFR049,2011,2012,8,NA,leafnosed,all,"mist nets, harp trap",NA,NA,NA,NA,NA,Zapotitlan Salinas sampled for 4 months during the year 2012
BFA201,BFR050,NA,NA,NA,215654.4,all,all,mist nets,8,6,6,U,NA,NA
BFA202,BFR050,NA,NA,NA,215654.4,all,all,mist nets,8,6,6,U,NA,NA
BFA203,BFR050,NA,NA,NA,215654.4,all,all,mist nets,8,6,6,U,NA,NA
BFA204,BFR050,NA,NA,NA,215654.4,all,all,mist nets,8,6,6,U,NA,NA
BFA205,BFR050,NA,NA,NA,215654.4,all,all,mist nets,8,6,6,U,NA,NA
BFA206,BFR050,NA,NA,NA,215654.4,all,all,mist nets,8,6,6,U,NA,NA
BFA207,BFR050,NA,NA,NA,215654.4,all,all,mist nets,8,6,6,U,NA,NA
BFA208,BFR050,NA,NA,NA,215654.4,all,all,mist nets,8,6,6,U,NA,NA
BFA209,BFR050,NA,NA,NA,215654.4,all,all,mist nets,8,6,6,U,NA,NA
BFA210,BFR050,NA,NA,NA,215654.4,all,all,mist nets,8,6,6,U,NA,NA
BFA211,BFR050,NA,NA,NA,215654.4,all,all,mist nets,8,6,6,U,NA,NA
BFA212,BFR051,2008,2010,24,NA,single,single,"extendable poles, harp traps",NA,NA,NA,NA,NA,NA
BFA213,BFR052,2013,2018,NA,NA,all,all,mist nets,NA,NA,NA,NA,NA,Authors stated that records corresponding to possible accidental contamination were removed
BFA214,BFR053,2004,2004,1,21600,all,all,mist nets,NA,6,10,NA,NA,NA
BFA215,BFR053,2004,2005,2,37800,all,all,mist nets,NA,6,10,NA,NA,NA
BFA216,BFR053,NA,NA,1,16200,all,all,mist nets,NA,6,10,NA,NA,NA
BFA217,BFR054,2012,2013,NA,NA,all,all,NA,NA,NA,NA,NA,NA,NA
BFA218,BFR055,1990,1991,12,NA,all,all,mist nets,35,12,NA,NA,NA,NA
BFA219,BFR056,2002,2002,3,NA,Mormoopid,all,"harp traps, mist nets",NA,1.5,NA,NA,NA,NA
BFA220,BFR057,2014,2015,16,NA,all,all,mist nets,NA,NA,NA,NA,NA,NA
BFA221,BFR057,2014,2015,16,NA,all,all,mist nets,NA,NA,NA,NA,NA,NA
BFA222,BFR057,2014,2015,16,NA,all,all,mist nets,NA,NA,NA,NA,NA,NA
BFA223,BFR057,2014,2015,16,NA,all,all,mist nets,NA,NA,NA,NA,NA,NA
BFA224,BFR057,2014,2015,16,NA,all,all,mist nets,NA,NA,NA,NA,NA,NA
BFA225,BFR057,2014,2015,16,NA,all,all,mist nets,NA,NA,NA,NA,NA,NA
BFA226,BFR057,2014,2015,16,NA,all,all,mist nets,NA,NA,NA,NA,NA,NA
BFA227,BFR057,2014,2015,16,NA,all,all,mist nets,NA,NA,NA,NA,NA,NA
BFA228,BFR057,2014,2015,16,NA,all,all,mist nets,NA,NA,NA,NA,NA,NA
BFA229,BFR057,2014,2015,16,NA,all,all,mist nets,NA,NA,NA,NA,NA,NA
BFA230,BFR057,2014,2015,16,NA,all,all,mist nets,NA,NA,NA,NA,NA,NA
BFA231,BFR057,2014,2015,16,NA,all,all,mist nets,NA,NA,NA,NA,NA,NA
BFA232,BFR057,2014,2015,16,NA,all,all,mist nets,NA,NA,NA,NA,NA,NA
BFA233,BFR057,2014,2015,16,NA,all,all,mist nets,NA,NA,NA,NA,NA,NA
BFA234,BFR058,1999,2009,242,NA,single,all,mist nets,NA,NA,NA,NA,NA,NA
BFA235,BFR059,2011,2012,13,51840,all,all,mist nets,NA,NA,NA,NA,NA,NA
BFA156,BFR060,2011,2012,12,NA,all,all,mist nets,36,NA,NA,NA,NA,NA
BFA236,BFR061,2011,2015,NA,NA,all,all,mist nets,24,4,6,NA,NA,NA
BFA237,BFR061,2011,2015,NA,NA,all,all,mist nets,24,4,6,NA,NA,NA
BFA238,BFR061,2011,2015,NA,NA,all,all,mist nets,24,4,6,NA,NA,NA
BFA239,BFR061,2011,2015,NA,NA,all,all,mist nets,24,4,6,NA,NA,NA
BFA240,BFR061,2011,2015,NA,NA,all,all,mist nets,24,4,6,NA,NA,NA
BFA241,BFR061,2011,2015,NA,NA,all,all,mist nets,24,4,6,NA,NA,NA
BFA242,BFR061,2011,2015,NA,NA,all,all,mist nets,24,4,6,NA,NA,NA
BFA243,BFR061,2011,2015,NA,NA,all,all,mist nets,24,4,6,NA,NA,NA
BFA244,BFR061,2011,2015,NA,NA,all,all,mist nets,24,4,6,NA,NA,NA
BFA245,BFR061,2011,2015,NA,NA,all,all,mist nets,24,4,6,NA,NA,NA
BFA246,BFR061,2011,2015,NA,NA,all,all,mist nets,24,4,6,NA,NA,NA
BFA247,BFR061,2011,2015,NA,NA,all,all,mist nets,24,4,6,NA,NA,NA
BFA248,BFR061,2011,2015,NA,NA,all,all,mist nets,24,4,6,NA,NA,NA
BFA249,BFR061,2011,2015,NA,NA,all,all,mist nets,24,4,6,NA,NA,NA
BFA250,BFR061,2011,2015,NA,NA,all,all,mist nets,24,4,6,NA,NA,NA
BFA251,BFR061,2011,2015,NA,NA,all,all,mist nets,24,4,6,NA,NA,NA
BFA252,BFR061,2011,2015,NA,NA,all,all,mist nets,24,4,6,NA,NA,NA
BFA253,BFR061,2011,2015,NA,NA,all,all,mist nets,24,4,6,NA,NA,NA
BFA254,BFR061,2011,2015,NA,NA,all,all,mist nets,24,4,6,NA,NA,NA
BFA255,BFR061,2011,2015,NA,NA,all,all,mist nets,24,4,6,NA,NA,NA
BFA256,BFR062,2017,2018,NA,72000,all,all,mist nets,40,6,10,NA,dry season and rainy season,NA
BFA257,BFR063,2009,2010,10,153000,all,all,mist nets,45,NA,10,NA,NA,NA
BFA258,BFR064,1998,1999,13,1051315.2,single,all,mist nets,52,12,3,NA,"summer, autumn, winter, spring",NA
BFA259,BFR065,2007,2007,2,NA,single,all,mist nets,NA,2,NA,NA,NA,NA
BFA260,BFR066,2016,2017,9,161280,all,all,mist nets,4,7,8,NA,NA,NA
BFA261,BFR066,2016,2017,9,161280,all,all,mist nets,4,7,8,NA,NA,NA
BFA262,BFR066,2016,2017,9,161280,all,all,mist nets,4,7,8,NA,NA,NA
BFA263,BFR067,2017,2018,NA,NA,all,all,NA,NA,NA,NA,NA,NA,NA
BFA264,BFR067,2017,2018,NA,NA,all,all,NA,NA,NA,NA,NA,NA,NA
BFA265,BFR068,2018,2018,6,1814400,all,all,mist nets,42,6,10,NA,NA,NA
BFA266,BFR069,2012,2013,5,4613760,all,all,mist nets,89,6,10,U,NA,NA
BFA267,BFR070,2010,2011,11,NA,all,all,mist nets,22,NA,NA,U,NA,NA
BFA268,BFR071,2016,2017,13,1797120,all,all,mist nets,52,6,8,U,NA,NA
BFA269,BFR072,1997,1998,9,NA,all,all,"mist nets, handheld hoops nets",NA,NA,NA,NA,NA,NA
BFA270,BFR073,2014,2015,12,25920,all,all,"mist nets, hand nets",12,2.5,1,U,NA,NA
BFA271,BFR074,2003,2005,22,NA,single,all,mist nets,NA,NA,NA,NA,NA,NA
BFA272,BFR075,2012,2014,7,NA,all,all,sweep nets,NA,NA,NA,U,dry and wet,NA
BFA273,BFR076,2006,2007,5,NA,all,all,mist nets,NA,6,6,U,NA,NA
BFA274,BFR077,2011,2011,5,5184000,all,all,mist nets,60,12,12,U,NA,NA
BFA275,BFR078,NA,NA,NA,NA,single,all,mist nets,5,NA,6,U,NA,NA
BFA276,BFR079,2003,2003,1,NA,all,all,mist nets,NA,NA,NA,U,NA,NA
BFA277,BFR080,2008,2009,6,NA,all,all,mist nets,6,11.3,32,U,NA,NA
BFA278,BFR081,2000,2013,9,NA,single,all,mist nets,NA,NA,8,U,Dry and Rainy,NA
BFA279,BFR082,2008,2009,7,NA,all,all,mist nets,2.5,12,4,U,NA,NA
BFA280,BFR083,2007,2008,12,497664,all,all,mist nets,24,6,4,NA,NA,NA
BFA103,BFR084,2009,2010,8,1152000,all,all,mist nets,16,12,10,NA,NA,NA
BFA281,BFR085,2012,2012,4,77760,all,all,mist nets,3,6,5,U,NA,NA
BFA282,BFR086,2001,2001,5,NA,all,all,mist nets,NA,2,NA,U,NA,NA
BFA283,BFR087,2013,2013,7,13608,all,all,mist nets,3,7,1,NA,NA,NA
BFA284,BFR088,2016,2018,24,15840,all,all,mist nets,2,11,2,NA,NA,NA
BFA285,BFR089,2011,2011,7,NA,all,all,mist nets,NA,6,NA,NA,NA,NA
BFA286,BFR090,2016,2016,NA,NA,all,all,mist nets,27,8.5,10,NA,"warm, rainy and cold",NA
BFA287,BFR090,2016,2016,NA,NA,all,all,mist nets,27,9,10,NA,"warm, rainy and cold",NA
BFA288,BFR091,2017,2018,NA,NA,all,all,mist nets,NA,NA,10,NA,"dry, rainy and cold season",NA
BFA289,BFR091,2017,2018,NA,NA,all,all,mist nets,NA,NA,10,NA,"dry, rainy and cold season",NA
BFA290,BFR091,2017,2018,NA,NA,all,all,mist nets,NA,NA,10,NA,"dry, rainy and cold season",NA
BFA291,BFR092,2014,2017,20,1150848,all,all,mist nets,74,6,6,U,NA,NA
BFA292,BFR092,2014,2017,20,1150848,all,all,mist nets,74,6,6,U,NA,NA
BFA293,BFR092,2014,2017,20,1150848,all,all,mist nets,74,6,6,U,NA,NA
BFA294,BFR093,2017,2018,3,NA,single,all,mist nets,3,6,NA,U,NA,NA
BFA295,BFR094,2002,2017,NA,NA,single,all,mist nets,NA,6,6 - 10,NA,dry and wet,NA
BFA296,BFR094,2002,2017,NA,NA,single,all,mist nets,NA,6,7 - 10,NA,dry and wet,NA
BFA297,BFR095,2001,2002,12,NA,all,all,"mist nets, hand",40,NA,NA,NA,NA,NA
BFA276,BFR096,2000,2002,5,NA,all,all,NA,NA,NA,NA,NA,NA,NA
BFA298,BFR097,2017,2017,1,NA,all,all,mist nets,9,5,3 - 4,U,rainy season,NA
BFA299,BFR098,2010,2011,NA,NA,single,all,mist nets,NA,NA,NA,NA,NA,NA
BFA300,BFR098,2017,2019,NA,NA,single,all,mist nets,NA,NA,NA,NA,NA,NA
BFA301,BFR098,2017,2019,NA,NA,single,all,mist nets,NA,NA,NA,NA,NA,NA
BFA302,BFR098,2017,2019,NA,NA,single,all,mist nets,NA,NA,NA,NA,NA,NA
BFA303,BFR098,2017,2019,NA,NA,single,all,mist nets,NA,NA,NA,NA,NA,NA
BFA304,BFR098,2017,2019,NA,NA,single,all,mist nets,NA,NA,NA,NA,NA,NA
BFA304,BFR099,2010,2011,10,NA,all,all,mist nets,NA,NA,NA,NA,NA,NA
BFA305,BFR100,2015,2016,11,4790016,all,all,mist nets,77,6,8,U,NA,NA
BFA306,BFR101,2018,2019,10,933120,all,all,mist nets,18,4,12,U,NA,NA
BFA307,BFR101,2018,2019,10,466560,all,all,mist nets,9,4,12,U,NA,NA
BFA290,BFR101,2018,2019,10,466560,all,all,mist nets,9,4,12,U,NA,NA
BFA308,BFR102,2016,2016,NA,540,all,all,mist nets,2,6,3,U,NA,NA
BFA309,BFR102,2016,2016,NA,2700,all,all,mist nets,3,6,10,U,NA,NA
BFA310,BFR102,2012,2012,NA,720,all,all,mist nets,2,6,4,U,NA,NA
BFA311,BFR102,2016,2016,NA,1350,all,all,mist nets,3,6,5,U,NA,NA
BFA312,BFR102,2016,2016,NA,1800,all,all,mist nets,4,6,5,U,NA,NA
BFA313,BFR102,2017,2017,NA,450,all,all,mist nets,1,6,5,U,NA,NA
BFA314,BFR102,2016,2016,NA,1350,all,all,mist nets,3,6,5,U,NA,NA
BFA315,BFR102,2016,2016,NA,1350,all,all,mist nets,3,6,5,U,NA,NA
BFA316,BFR102,2016,2016,NA,3600,all,all,mist nets,4,6,10,U,NA,NA
BFA317,BFR102,2016,2016,NA,NA,all,all,mist nets,NA,NA,NA,NA,NA,NA
BFA318,BFR102,2016,2016,NA,3600,all,all,mist nets,4,6,10,U,NA,NA
BFA319,BFR102,2016,2016,NA,3600,all,all,mist nets,4,6,10,U,NA,NA
BFA320,BFR102,2016,2016,NA,3600,all,all,mist nets,4,6,10,U,NA,NA
BFA321,BFR102,2016,2016,NA,3600,all,all,mist nets,4,6,10,U,NA,NA
BFA322,BFR102,2016,2016,NA,3600,all,all,mist nets,4,6,10,U,NA,NA
BFA323,BFR102,2018,2018,NA,2430,all,all,mist nets,3,6,9,U,NA,NA
BFA165,BFR103,2004,2005,13,NA,all,all,mist nets,NA,12,2,U,NA,1 or 2 mistnets
BFA324,BFR104,2009,2009,8,1728,all,all,mist nets,NA,12,NA,NA,NA,NA
BFA325,BFR105,2006,2008,28,NA,all,all,mist nets,28,7,NA,NA,NA,NA
BFA326,BFR106,1997,1997,4,NA,all,all,mist nets,NA,NA,NA,NA,NA,NA
BFA327,BFR107,2004,2005,12,NA,all,all,mist nets,NA,4,4,U,"summer, autumn, winter, spring",NA
BFA328,BFR108,2016,2016,1,NA,single,all,NA,NA,NA,NA,NA,NA,NA
BFA329,BFR109,1942,1942,NA,NA,single,single,NA,NA,NA,NA,NA,NA,NA
BFA330,BFR109,1942,1942,NA,NA,single,single,NA,NA,NA,NA,NA,NA,NA
BFA331,BFR110,1999,1999,NA,NA,all,all,NA,NA,NA,NA,NA,NA,NA
BFA332,BFR110,1999,1999,NA,NA,all,all,NA,NA,NA,NA,NA,NA,NA
BFA333,BFR110,1999,1999,NA,NA,all,all,NA,NA,NA,NA,NA,NA,NA
BFA334,BFR110,1999,1999,NA,NA,all,all,NA,NA,NA,NA,NA,NA,NA
BFA335,BFR110,1999,1999,NA,NA,all,all,NA,NA,NA,NA,NA,NA,NA
BFA336,BFR110,1999,1999,NA,NA,all,all,NA,NA,NA,NA,NA,NA,NA
BFA337,BFR110,1999,1999,NA,NA,all,all,NA,NA,NA,NA,NA,NA,NA
BFA338,BFR111,1989,1991,NA,NA,all,all,NA,NA,NA,NA,NA,NA,NA
BFA339,BFR111,1992,1992,NA,NA,all,all,NA,NA,NA,NA,NA,NA,NA
BFA340,BFR111,1995,1995,NA,NA,all,all,NA,NA,NA,NA,NA,NA,NA
BFA341,BFR111,1992,1992,NA,NA,all,all,NA,NA,NA,NA,NA,NA,NA
BFA342,BFR111,1991,1991,NA,NA,all,all,NA,NA,NA,NA,NA,NA,NA
BFA343,BFR111,1991,1991,NA,NA,all,all,NA,NA,NA,NA,NA,NA,NA
BFA344,BFR111,2008,2008,NA,NA,all,all,NA,NA,NA,NA,NA,NA,NA
BFA345,BFR111,1997,1997,NA,NA,all,all,NA,NA,NA,NA,NA,NA,NA
BFA346,BFR111,1995,1995,NA,NA,all,all,NA,NA,NA,NA,NA,NA,NA
BFA347,BFR111,1997,1997,NA,NA,all,all,NA,NA,NA,NA,NA,NA,NA
BFA348,BFR111,1996,1997,NA,NA,all,all,NA,NA,NA,NA,NA,NA,NA
BFA349,BFR111,1997,2008,NA,NA,all,all,NA,NA,NA,NA,NA,NA,NA
BFA350,BFR111,1995,1995,NA,NA,all,all,NA,NA,NA,NA,NA,NA,NA
BFA351,BFR111,1998,1998,NA,NA,all,all,NA,NA,NA,NA,NA,NA,NA
BFA352,BFR111,1995,1995,NA,NA,all,all,NA,NA,NA,NA,NA,NA,NA
BFA353,BFR111,2003,2003,NA,NA,all,all,NA,NA,NA,NA,NA,NA,NA
BFA003,BFR111,NA,NA,NA,NA,all,all,NA,NA,NA,NA,NA,NA,NA
BFA354,BFR111,1996,1996,NA,NA,all,all,NA,NA,NA,NA,NA,NA,NA
BFA355,BFR112,2005,2006,NA,NA,all,all,NA,NA,NA,NA,NA,NA,NA
BFA342,BFR112,2008,2008,NA,NA,all,all,NA,NA,NA,NA,NA,NA,NA
BFA356,BFR112,2008,2008,NA,NA,all,all,NA,NA,NA,NA,NA,NA,NA
BFA357,BFR112,2006,2006,NA,NA,all,all,NA,NA,NA,NA,NA,NA,NA
BFA358,BFR113,2013,2015,NA,NA,all,all,NA,NA,NA,NA,NA,NA,NA
BFA359,BFR114,2017,2017,NA,5040,all,all,mist nets,NA,7,2,NA,NA,NA
BFA360,BFR114,2017,2017,NA,NA,all,all,mist nets,NA,7,2,NA,NA,NA
BFA361,BFR114,2017,2017,NA,NA,all,all,mist nets,NA,7,2,NA,NA,NA
BFA362,BFR114,2017,2017,NA,NA,all,all,mist nets,NA,7,2,NA,NA,NA
BFA363,BFR115,1904,1904,1,NA,single,single,NA,NA,NA,NA,NA,NA,NA
BFA364,BFR116,2013,2013,1,NA,single,all,mist nets,12,4,10,U,NA,NA
BFA365,BFR117,2011,2012,6,NA,all,all,mist nets,21,12,14,U,NA,NA
BFA366,BFR118,NA,NA,NA,NA,all,all,mist nets,NA,NA,NA,U,NA,NA
BFA354,BFR119,1999,1999,NA,NA,all,all,NA,NA,NA,NA,NA,NA,NA
BFA367,BFR119,1998,1998,NA,NA,all,all,NA,NA,NA,NA,NA,NA,NA
BFA368,BFR119,1998,1998,NA,NA,all,all,NA,NA,NA,NA,NA,NA,NA
BFA369,BFR119,1993,1993,NA,NA,all,all,NA,NA,NA,NA,NA,NA,NA
BFA370,BFR120,1979,1981,3,NA,all,all,mist nets,11,3,NA,NA,NA,NA
BFA371,BFR121,1932,1932,NA,NA,all,all,NA,NA,NA,NA,NA,NA,NA
BFA325,BFR122,1994,2010,199,NA,all,all,mist nets,NA,6,NA,U,NA,NA
BFA278,BFR123,2000,2019,NA,103313,single,all,mist nets,40,6,NA,NA,Rain and dry season,NA
BFA372,BFR124,1941,1941,3,NA,all,all,NA,NA,NA,NA,NA,NA,NA
BFA373,BFR125,2013,2015,NA,NA,all,all,NA,NA,NA,NA,NA,NA,NA
BFA374,BFR125,2013,2015,NA,NA,all,all,NA,NA,NA,NA,NA,NA,NA
BFA375,BFR125,2013,2015,NA,NA,all,all,NA,NA,NA,NA,NA,NA,NA
BFA376,BFR125,2013,2015,NA,NA,all,all,NA,NA,NA,NA,NA,NA,NA
BFA377,BFR125,2013,2015,NA,NA,all,all,NA,NA,NA,NA,NA,NA,NA
BFA378,BFR125,2013,2015,NA,NA,all,all,NA,NA,NA,NA,NA,NA,NA
BFA379,BFR125,2013,2015,NA,NA,all,all,NA,NA,NA,NA,NA,NA,NA
BFA380,BFR125,2013,2015,NA,NA,all,all,NA,NA,NA,NA,NA,NA,NA
BFA381,BFR125,2013,2015,NA,NA,all,all,NA,NA,NA,NA,NA,NA,NA
BFA382,BFR126,2001,2001,NA,NA,all,all,"mist nets, hand",NA,NA,NA,NA,NA,NA
BFA383,BFR126,1969,1969,NA,NA,all,all,"mist nets, hand",NA,NA,NA,NA,NA,NA
BFA384,BFR126,2001,2001,NA,NA,all,all,"mist nets, hand",NA,NA,NA,NA,NA,NA
BFA385,BFR126,2001,2001,NA,NA,all,all,"mist nets, hand",NA,NA,NA,NA,NA,NA
BFA386,BFR126,2001,2001,NA,NA,all,all,"mist nets, hand",NA,NA,NA,NA,NA,NA
BFA387,BFR126,2001,2001,NA,NA,all,all,"mist nets, hand",NA,NA,NA,NA,NA,NA
BFA388,BFR126,1988,1988,NA,NA,all,all,"mist nets, hand",NA,NA,NA,NA,NA,NA
BFA389,BFR126,1988,1988,NA,NA,all,all,"mist nets, hand",NA,NA,NA,NA,NA,NA
BFA390,BFR126,1969,1969,NA,NA,all,all,"mist nets, hand",NA,NA,NA,NA,NA,NA
BFA391,BFR126,1963,1963,NA,NA,all,all,"mist nets, hand",NA,NA,NA,NA,NA,NA
BFA392,BFR126,2001,2001,NA,NA,all,all,"mist nets, hand",NA,NA,NA,NA,NA,NA
BFA393,BFR126,2001,2001,NA,NA,all,all,"mist nets, hand",NA,NA,NA,NA,NA,NA
BFA394,BFR126,1994,1994,NA,NA,all,all,"mist nets, hand",NA,NA,NA,NA,NA,NA
BFA395,BFR126,1938,1938,NA,NA,all,all,"mist nets, hand",NA,NA,NA,NA,NA,NA
BFA396,BFR126,1992,1992,NA,NA,all,all,"mist nets, hand",NA,NA,NA,NA,NA,NA
BFA397,BFR126,2001,2001,NA,NA,all,all,"mist nets, hand",NA,NA,NA,NA,NA,NA
BFA398,BFR126,2001,2001,NA,NA,all,all,"mist nets, hand",NA,NA,NA,NA,NA,NA
BFA399,BFR126,1963,1963,NA,NA,all,all,"mist nets, hand",NA,NA,NA,NA,NA,NA
BFA400,BFR126,1968,1968,NA,NA,all,all,"mist nets, hand",NA,NA,NA,NA,NA,NA
BFA401,BFR126,1962,1962,NA,NA,all,all,"mist nets, hand",NA,NA,NA,NA,NA,NA
BFA402,BFR126,2001,2001,NA,NA,all,all,"mist nets, hand",NA,NA,NA,NA,NA,NA
BFA403,BFR126,2001,2001,NA,NA,all,all,"mist nets, hand",NA,NA,NA,NA,NA,NA
BFA404,BFR126,2001,2001,NA,NA,all,all,"mist nets, hand",NA,NA,NA,NA,NA,NA
BFA405,BFR127,1993,1993,NA,NA,all,all,mist nets,NA,NA,NA,NA,NA,NA
BFA406,BFR127,1993,1993,NA,NA,all,all,mist nets,NA,NA,NA,NA,NA,NA
BFA407,BFR127,1993,1993,NA,NA,all,all,mist nets,NA,NA,NA,NA,NA,NA
BFA408,BFR127,1992,1992,NA,NA,all,all,mist nets,NA,NA,NA,NA,NA,NA
BFA409,BFR127,1992,1992,NA,NA,all,all,mist nets,NA,NA,NA,NA,NA,NA
BFA410,BFR127,1991,1991,NA,NA,all,all,mist nets,NA,NA,NA,NA,NA,NA
BFA411,BFR127,1985,1985,NA,NA,all,all,mist nets,NA,NA,NA,NA,NA,NA
BFA412,BFR127,1984,1984,NA,NA,all,all,mist nets,NA,NA,NA,NA,NA,NA
BFA413,BFR127,1985,1985,NA,NA,all,all,mist nets,NA,NA,NA,NA,NA,NA
BFA414,BFR127,1995,1995,NA,NA,all,all,mist nets,NA,NA,NA,NA,NA,NA
BFA415,BFR128,1951,1951,1,NA,single,single,hand,NA,NA,NA,NA,NA,Ocasional registred
BFA276,BFR129,1980,1980,3,NA,all,all,mist nets,NA,3,NA,NA,NA,NA
BFA416,BFR130,2016,2002,1,6000,all,all,mist nets,10,5,4,U,NA,NA
BFA417,BFR131,1961,1961,NA,NA,all,all,NA,NA,NA,NA,NA,NA,NA
BFA418,BFR131,1952,1952,NA,NA,all,all,NA,NA,NA,NA,NA,NA,NA
BFA419,BFR131,NA,NA,NA,NA,all,all,NA,NA,NA,NA,NA,NA,NA
BFA420,BFR132,1959,1959,NA,NA,all,all,"mist nets, shooting",NA,NA,NA,NA,NA,NA
BFA421,BFR132,1939,1939,NA,NA,all,all,"mist nets, shooting",NA,NA,NA,NA,NA,NA
BFA422,BFR132,1960,1960,NA,NA,all,all,"mist nets, shooting",NA,NA,NA,NA,NA,NA
BFA423,BFR132,1959,1959,NA,NA,all,all,"mist nets, shooting",NA,NA,NA,NA,NA,NA
BFA424,BFR132,1959,1959,NA,NA,all,all,"mist nets, shooting",NA,NA,NA,NA,NA,NA
BFA425,BFR132,NA,NA,NA,NA,all,all,"mist nets, shooting",NA,NA,NA,NA,NA,NA
BFA426,BFR132,1960,1960,NA,NA,all,all,"mist nets, shooting",NA,NA,NA,NA,NA,NA
BFA427,BFR132,1958,1958,NA,NA,all,all,"mist nets, shooting",NA,NA,NA,NA,NA,NA
BFA428,BFR132,1958,1959,NA,NA,all,all,"mist nets, shooting",NA,NA,NA,NA,NA,NA
BFA429,BFR132,1958,1958,NA,NA,all,all,"mist nets, shooting",NA,NA,NA,NA,NA,NA
BFA430,BFR132,1959,1959,NA,NA,all,all,"mist nets, shooting",NA,NA,NA,NA,NA,NA
BFA431,BFR132,1959,1959,NA,NA,all,all,"mist nets, shooting",NA,NA,NA,NA,NA,NA
BFA432,BFR132,1959,1959,NA,NA,all,all,"mist nets, shooting",NA,NA,NA,NA,NA,NA
BFA433,BFR132,1959,1959,NA,NA,all,all,"mist nets, shooting",NA,NA,NA,NA,NA,NA
BFA434,BFR132,1959,1959,NA,NA,all,all,"mist nets, shooting",NA,NA,NA,NA,NA,NA
BFA435,BFR132,1959,1959,NA,NA,all,all,"mist nets, shooting",NA,NA,NA,NA,NA,NA
BFA436,BFR132,1954,1954,NA,NA,all,all,"mist nets, shooting",NA,NA,NA,NA,NA,NA
BFA437,BFR132,1959,1959,NA,NA,all,all,"mist nets, shooting",NA,NA,NA,NA,NA,NA
BFA438,BFR132,1959,1959,NA,NA,all,all,"mist nets, shooting",NA,NA,NA,NA,NA,NA
BFA439,BFR132,1943,1943,NA,NA,all,all,"mist nets, shooting",NA,NA,NA,NA,NA,NA
BFA440,BFR132,1959,1959,NA,NA,all,all,"mist nets, shooting",NA,NA,NA,NA,NA,NA
BFA441,BFR132,1959,1959,NA,NA,all,all,"mist nets, shooting",NA,NA,NA,NA,NA,NA
BFA442,BFR132,1959,1959,NA,NA,all,all,"mist nets, shooting",NA,NA,NA,NA,NA,NA
BFA443,BFR132,1960,1960,NA,NA,all,all,"mist nets, shooting",NA,NA,NA,NA,NA,NA
BFA444,BFR132,1958,1958,NA,NA,all,all,"mist nets, shooting",NA,NA,NA,NA,NA,NA
BFA445,BFR132,1959,1959,NA,NA,all,all,"mist nets, shooting",NA,NA,NA,NA,NA,NA
BFA446,BFR132,1959,1959,NA,NA,all,all,"mist nets, shooting",NA,NA,NA,NA,NA,NA
BFA447,BFR132,1959,1959,NA,NA,all,all,"mist nets, shooting",NA,NA,NA,NA,NA,NA
BFA448,BFR132,1959,1959,NA,NA,all,all,"mist nets, shooting",NA,NA,NA,NA,NA,NA
BFA449,BFR133,2013,2013,2,NA,single,all,mist nets,NA,NA,NA,U,NA,NA
BFA450,BFR134,1963,1963,NA,NA,all,all,NA,NA,NA,NA,NA,NA,NA
BFA451,BFR134,1960,1960,NA,NA,all,all,NA,NA,NA,NA,NA,NA,NA
BFA452,BFR134,1960,1960,NA,NA,all,all,NA,NA,NA,NA,NA,NA,NA
BFA453,BFR134,1962,1962,NA,NA,all,all,NA,NA,NA,NA,NA,NA,NA
BFA454,BFR134,1960,1960,NA,NA,all,all,NA,NA,NA,NA,NA,NA,NA
BFA455,BFR134,1962,1963,NA,NA,all,all,NA,NA,NA,NA,NA,NA,NA
BFA456,BFR134,1958,1958,NA,NA,all,all,NA,NA,NA,NA,NA,NA,NA
BFA457,BFR134,1963,1963,NA,NA,all,all,NA,NA,NA,NA,NA,NA,NA
BFA458,BFR135,1967,1967,NA,NA,all,all,NA,NA,NA,NA,NA,NA,NA
BFA459,BFR135,1967,1967,NA,NA,all,all,NA,NA,NA,NA,NA,NA,NA
BFA460,BFR135,1966,1966,NA,NA,all,all,NA,NA,NA,NA,NA,NA,NA
BFA461,BFR135,NA,NA,NA,NA,all,all,NA,NA,NA,NA,NA,NA,NA
BFA462,BFR135,1967,1967,NA,NA,all,all,NA,NA,NA,NA,NA,NA,NA
BFA463,BFR135,1967,1967,NA,NA,all,all,NA,NA,NA,NA,NA,NA,NA
BFA464,BFR135,1967,1967,NA,NA,all,all,NA,NA,NA,NA,NA,NA,NA
BFA465,BFR135,1968,1968,NA,NA,all,all,NA,NA,NA,NA,NA,NA,NA
BFA466,BFR135,1968,1968,NA,NA,all,all,NA,NA,NA,NA,NA,NA,NA
BFA467,BFR135,1966,1966,NA,NA,all,all,NA,NA,NA,NA,NA,NA,NA
BFA468,BFR135,1965,1965,NA,NA,all,all,NA,NA,NA,NA,NA,NA,NA
BFA469,BFR135,1967,1967,NA,NA,all,all,NA,NA,NA,NA,NA,NA,NA
BFA470,BFR135,1966,1966,NA,NA,all,all,NA,NA,NA,NA,NA,NA,NA
BFA471,BFR135,1965,1965,NA,NA,all,all,NA,NA,NA,NA,NA,NA,NA
BFA472,BFR135,1965,1965,NA,NA,all,all,NA,NA,NA,NA,NA,NA,NA
BFA473,BFR135,1967,1967,NA,NA,all,all,NA,NA,NA,NA,NA,NA,NA
BFA474,BFR135,NA,NA,NA,NA,all,all,NA,NA,NA,NA,NA,NA,NA
BFA475,BFR135,1966,1966,NA,NA,all,all,NA,NA,NA,NA,NA,NA,NA
BFA476,BFR135,1965,1965,NA,NA,all,all,NA,NA,NA,NA,NA,NA,NA
BFA462,BFR136,1967,1967,NA,NA,all,all,NA,NA,NA,NA,NA,NA,NA
BFA477,BFR136,1967,1967,NA,NA,all,all,NA,NA,NA,NA,NA,NA,NA
BFA463,BFR136,1967,1967,NA,NA,all,all,NA,NA,NA,NA,NA,NA,NA
BFA459,BFR136,1967,1967,NA,NA,all,all,NA,NA,NA,NA,NA,NA,NA
BFA478,BFR136,1967,1967,NA,NA,all,all,NA,NA,NA,NA,NA,NA,NA
BFA479,BFR136,1968,1968,NA,NA,all,all,NA,NA,NA,NA,NA,NA,NA
BFA480,BFR136,1966,1966,NA,NA,all,all,NA,NA,NA,NA,NA,NA,NA
BFA481,BFR136,1968,1968,NA,NA,all,all,NA,NA,NA,NA,NA,NA,NA
BFA482,BFR137,1935,1935,NA,NA,all,all,NA,NA,NA,NA,NA,NA,NA
BFA483,BFR137,1935,1935,NA,NA,all,all,NA,NA,NA,NA,NA,NA,NA
BFA484,BFR137,1935,1935,NA,NA,all,all,NA,NA,NA,NA,NA,NA,NA
BFA485,BFR138,2006,2006,2,NA,all,all,handtraps,NA,NA,NA,NA,NA,Hand made mouse traps
BFA486,BFR138,2006,2006,2,NA,all,all,NA,NA,NA,NA,NA,NA,NA
BFA487,BFR139,1948,1948,NA,NA,all,all,NA,NA,NA,NA,NA,NA,NA
BFA488,BFR139,1949,1949,NA,NA,all,all,NA,NA,NA,NA,NA,NA,NA
BFA489,BFR139,1950,1950,NA,NA,all,all,NA,NA,NA,NA,NA,NA,NA
BFA490,BFR139,1945,1945,NA,NA,all,all,NA,NA,NA,NA,NA,NA,NA
BFA491,BFR139,1950,1950,NA,NA,all,all,NA,NA,NA,NA,NA,NA,NA
BFA492,BFR139,1950,1950,NA,NA,all,all,NA,NA,NA,NA,NA,NA,NA
BFA493,BFR139,1948,1948,NA,NA,all,all,NA,NA,NA,NA,NA,NA,NA
BFA494,BFR139,1951,1951,NA,NA,all,all,NA,NA,NA,NA,NA,NA,NA
BFA495,BFR139,1950,1950,NA,NA,all,all,NA,NA,NA,NA,NA,NA,NA
BFA496,BFR139,NA,NA,NA,NA,all,all,NA,NA,NA,NA,NA,NA,NA
BFA497,BFR139,1950,1950,NA,NA,all,all,NA,NA,NA,NA,NA,NA,NA
BFA498,BFR139,1949,1949,NA,NA,all,all,NA,NA,NA,NA,NA,NA,NA
BFA499,BFR139,1950,1950,NA,NA,all,all,NA,NA,NA,NA,NA,NA,NA
BFA500,BFR139,1944,1944,NA,NA,all,all,NA,NA,NA,NA,NA,NA,NA
BFA501,BFR139,NA,NA,NA,NA,all,all,NA,NA,NA,NA,NA,NA,NA
BFA502,BFR140,2017,2017,2,NA,all,all,"mist nets, hand",NA,7,3,U,NA,NA
BFA503,BFR141,1903,NA,NA,NA,all,all,NA,NA,NA,NA,NA,NA,NA
BFA504,BFR141,1962,NA,NA,NA,all,all,NA,NA,NA,NA,NA,NA,NA
BFA505,BFR142,2012,2016,53,NA,all,all,mist nets,NA,12,NA,NA,NA,NA
BFA506,BFR143,1981,1987,72,NA,all,all,mist nets,NA,NA,NA,NA,NA,NA
BFA507,BFR144,NA,NA,NA,NA,all,all,NA,NA,NA,NA,NA,NA,NA
BFA155,BFR144,NA,NA,NA,NA,all,all,NA,NA,NA,NA,NA,NA,NA
BFA508,BFR144,NA,NA,NA,NA,all,all,NA,NA,NA,NA,NA,NA,NA
BFA509,BFR144,NA,NA,NA,NA,all,all,NA,NA,NA,NA,NA,NA,NA
BFA510,BFR144,NA,NA,NA,NA,all,all,NA,NA,NA,NA,NA,NA,NA
BFA511,BFR144,NA,NA,NA,NA,all,all,NA,NA,NA,NA,NA,NA,NA
BFA512,BFR144,NA,NA,NA,NA,all,all,NA,NA,NA,NA,NA,NA,NA
BFA513,BFR144,NA,NA,NA,NA,all,all,NA,NA,NA,NA,NA,NA,NA
BFA514,BFR144,NA,NA,NA,NA,all,all,NA,NA,NA,NA,NA,NA,NA
BFA212,BFR144,NA,NA,NA,NA,all,all,NA,NA,NA,NA,NA,NA,NA
BFA515,BFR144,NA,NA,NA,NA,all,all,NA,NA,NA,NA,NA,NA,NA
BFA516,BFR145,NA,NA,NA,36225,single,all,mist nets,NA,6,7,U,NA,NA
BFA517,BFR146,2017,2018,14,NA,all,all,mist nets,NA,NA,NA,U,NA,NA
BFA518,BFR147,2004,2004,NA,NA,all,single,hand,NA,NA,NA,NA,NA,NA
BFA519,BFR148,2008,2009,12,NA,all,all,"mist nets, hand",9,10,42m,NA,NA,NA
BFA520,BFR148,2008,2009,12,NA,all,all,"mist nets, hand",9,10,42m,NA,NA,NA
BFA521,BFR149,1977,1977,11,NA,all,all,NA,NA,NA,NA,NA,NA,NA
BFA522,BFR150,1953,1953,NA,NA,single,single,NA,NA,NA,NA,NA,NA,NA
BFA523,BFR151,1970,1971,5,NA,single,single,"mist nets, hand nets",NA,NA,NA,NA,NA,NA
BFA524,BFR152,2013,2015,26,NA,all,all,mist nets,13,4,7-10,NA,NA,"22343.76
13250.52
368.64
5231.52
432
108
368.64"
BFA525,BFR153,NA,NA,NA,NA,all,all,NA,NA,NA,NA,NA,NA,NA
BFA526,BFR153,1955,1955,NA,NA,all,all,NA,NA,NA,NA,NA,NA,NA
BFA527,BFR154,1946,1946,NA,NA,all,all,NA,NA,NA,NA,NA,NA,NA
BFA528,BFR154,NA,NA,NA,NA,all,all,NA,NA,NA,NA,NA,NA,NA
BFA529,BFR154,1960,1960,NA,NA,all,all,NA,NA,NA,NA,NA,NA,NA
BFA530,BFR155,1933,1938,NA,NA,all,all,NA,NA,NA,NA,NA,NA,NA
BFA531,BFR155,NA,NA,NA,NA,all,all,NA,NA,NA,NA,NA,NA,NA
BFA532,BFR155,NA,NA,NA,NA,all,all,NA,NA,NA,NA,NA,NA,NA
BFA533,BFR155,1966,1966,NA,NA,all,all,NA,NA,NA,NA,NA,NA,NA
BFA534,BFR155,NA,NA,NA,NA,all,all,NA,NA,NA,NA,NA,NA,NA
BFA535,BFR155,NA,NA,NA,NA,all,all,NA,NA,NA,NA,NA,NA,NA
BFA536,BFR155,1926,1926,NA,NA,all,all,NA,NA,NA,NA,NA,NA,NA
BFA537,BFR155,NA,NA,NA,NA,all,all,NA,NA,NA,NA,NA,NA,NA
BFA538,BFR155,1965,1965,NA,NA,all,all,NA,NA,NA,NA,NA,NA,NA
BFA539,BFR155,1964,1964,NA,NA,all,all,NA,NA,NA,NA,NA,NA,NA
BFA540,BFR155,1964,1965,NA,NA,all,all,NA,NA,NA,NA,NA,NA,NA
BFA541,BFR155,1966,1966,NA,NA,all,all,NA,NA,NA,NA,NA,NA,NA
BFA542,BFR155,1961,1961,NA,NA,all,all,NA,NA,NA,NA,NA,NA,NA
BFA543,BFR155,1964,1965,NA,NA,all,all,NA,NA,NA,NA,NA,NA,NA
BFA544,BFR155,1965,1965,NA,NA,all,all,NA,NA,NA,NA,NA,NA,NA
BFA545,BFR155,1965,1966,NA,NA,all,all,NA,NA,NA,NA,NA,NA,NA
BFA546,BFR155,1965,1965,NA,NA,all,all,NA,NA,NA,NA,NA,NA,NA
BFA547,BFR155,1966,1966,NA,NA,all,all,NA,NA,NA,NA,NA,NA,NA
BFA548,BFR155,1961,1961,NA,NA,all,all,NA,NA,NA,NA,NA,NA,NA
BFA549,BFR155,1964,1964,NA,NA,all,all,NA,NA,NA,NA,NA,NA,NA
BFA550,BFR155,1965,1965,NA,NA,all,all,NA,NA,NA,NA,NA,NA,NA
BFA551,BFR155,1965,1965,NA,NA,all,all,NA,NA,NA,NA,NA,NA,NA
BFA552,BFR155,1967,1968,NA,NA,all,all,NA,NA,NA,NA,NA,NA,NA
BFA553,BFR155,NA,NA,NA,NA,all,all,NA,NA,NA,NA,NA,NA,NA
BFA554,BFR155,NA,NA,NA,NA,all,all,NA,NA,NA,NA,NA,NA,NA
BFA555,BFR155,NA,NA,NA,NA,all,all,NA,NA,NA,NA,NA,NA,NA
BFA556,BFR155,1965,1965,NA,NA,all,all,NA,NA,NA,NA,NA,NA,NA
BFA557,BFR155,1933,1933,NA,NA,all,all,NA,NA,NA,NA,NA,NA,NA
BFA558,BFR155,NA,NA,NA,NA,all,all,NA,NA,NA,NA,NA,NA,NA
BFA559,BFR155,NA,NA,NA,NA,all,all,NA,NA,NA,NA,NA,NA,NA
BFA560,BFR155,1964,1965,NA,NA,all,all,NA,NA,NA,NA,NA,NA,NA
BFA561,BFR155,1967,1968,NA,NA,all,all,NA,NA,NA,NA,NA,NA,NA
BFA562,BFR155,NA,NA,NA,NA,all,all,NA,NA,NA,NA,NA,NA,NA
BFA563,BFR155,NA,NA,NA,NA,all,all,NA,NA,NA,NA,NA,NA,NA
BFA564,BFR155,1968,1968,NA,NA,all,all,NA,NA,NA,NA,NA,NA,NA
BFA565,BFR155,NA,NA,NA,NA,all,all,NA,NA,NA,NA,NA,NA,NA
BFA566,BFR155,1967,1967,NA,NA,all,all,NA,NA,NA,NA,NA,NA,NA
BFA567,BFR155,1968,1968,NA,NA,all,all,NA,NA,NA,NA,NA,NA,NA
BFA568,BFR155,1968,1968,NA,NA,all,all,NA,NA,NA,NA,NA,NA,NA
BFA569,BFR155,1967,1967,NA,NA,all,all,NA,NA,NA,NA,NA,NA,NA
BFA570,BFR155,1968,1968,NA,NA,all,all,NA,NA,NA,NA,NA,NA,NA
BFA571,BFR155,1969,1969,NA,NA,all,all,NA,NA,NA,NA,NA,NA,NA
BFA572,BFR155,1969,1969,NA,NA,all,all,NA,NA,NA,NA,NA,NA,NA
BFA573,BFR155,1969,1969,NA,NA,all,all,NA,NA,NA,NA,NA,NA,NA
BFA574,BFR155,1968,1968,NA,NA,all,all,NA,NA,NA,NA,NA,NA,NA
BFA575,BFR155,1969,1969,NA,NA,all,all,NA,NA,NA,NA,NA,NA,NA
BFA576,BFR155,1967,1967,NA,NA,all,all,NA,NA,NA,NA,NA,NA,NA
BFA577,BFR155,1969,1969,NA,NA,all,all,NA,NA,NA,NA,NA,NA,NA
BFA578,BFR155,1969,1969,NA,NA,all,all,NA,NA,NA,NA,NA,NA,NA
BFA579,BFR155,1968,1968,NA,NA,all,all,NA,NA,NA,NA,NA,NA,NA
BFA580,BFR155,1968,1968,NA,NA,all,all,NA,NA,NA,NA,NA,NA,NA
BFA581,BFR155,1969,1969,NA,NA,all,all,NA,NA,NA,NA,NA,NA,NA
BFA582,BFR155,1968,1968,NA,NA,all,all,NA,NA,NA,NA,NA,NA,NA
BFA583,BFR155,1968,1968,NA,NA,all,all,NA,NA,NA,NA,NA,NA,NA
BFA584,BFR155,1967,1967,NA,NA,all,all,NA,NA,NA,NA,NA,NA,NA
BFA585,BFR155,1968,1968,NA,NA,all,all,NA,NA,NA,NA,NA,NA,NA
BFA586,BFR155,1967,1967,NA,NA,all,all,NA,NA,NA,NA,NA,NA,NA
BFA587,BFR155,1967,1967,NA,NA,all,all,NA,NA,NA,NA,NA,NA,NA
BFA588,BFR155,1968,1968,NA,NA,all,all,NA,NA,NA,NA,NA,NA,NA
BFA589,BFR155,1967,1967,NA,NA,all,all,NA,NA,NA,NA,NA,NA,NA
BFA590,BFR155,1971,1971,NA,NA,all,all,NA,NA,NA,NA,NA,NA,NA
BFA591,BFR155,1953,1953,NA,NA,all,all,NA,NA,NA,NA,NA,NA,NA
BFA592,BFR155,1948,1948,NA,NA,all,all,NA,NA,NA,NA,NA,NA,NA
BFA593,BFR155,1948,1948,NA,NA,all,all,NA,NA,NA,NA,NA,NA,NA
BFA594,BFR155,1946,1946,NA,NA,all,all,NA,NA,NA,NA,NA,NA,NA
BFA595,BFR155,1957,1957,NA,NA,all,all,NA,NA,NA,NA,NA,NA,NA
BFA596,BFR155,1949,1949,NA,NA,all,all,NA,NA,NA,NA,NA,NA,NA
BFA597,BFR155,NA,NA,NA,NA,all,all,NA,NA,NA,NA,NA,NA,NA
BFA598,BFR155,1965,1965,NA,NA,all,all,NA,NA,NA,NA,NA,NA,NA
BFA599,BFR155,1965,1965,NA,NA,all,all,NA,NA,NA,NA,NA,NA,NA
BFA600,BFR155,1960,1960,NA,NA,all,all,NA,NA,NA,NA,NA,NA,NA
BFA601,BFR155,1970,1970,NA,NA,all,all,NA,NA,NA,NA,NA,NA,NA
BFA602,BFR155,1962,1962,NA,NA,all,all,NA,NA,NA,NA,NA,NA,NA
BFA603,BFR155,NA,NA,NA,NA,all,all,NA,NA,NA,NA,NA,NA,NA
BFA604,BFR155,1962,1962,NA,NA,all,all,NA,NA,NA,NA,NA,NA,NA
BFA605,BFR155,1949,1949,NA,NA,all,all,NA,NA,NA,NA,NA,NA,NA
BFA606,BFR155,1962,1962,NA,NA,all,all,NA,NA,NA,NA,NA,NA,NA
BFA607,BFR155,NA,NA,NA,NA,all,all,NA,NA,NA,NA,NA,NA,NA
BFA608,BFR155,1962,1962,NA,NA,all,all,NA,NA,NA,NA,NA,NA,NA
BFA609,BFR155,1968,1968,NA,NA,all,all,NA,NA,NA,NA,NA,NA,NA
BFA610,BFR155,NA,NA,NA,NA,all,all,NA,NA,NA,NA,NA,NA,NA
BFA611,BFR155,1967,1968,NA,NA,all,all,NA,NA,NA,NA,NA,NA,NA
BFA612,BFR155,1967,1967,NA,NA,all,all,NA,NA,NA,NA,NA,NA,NA
BFA613,BFR155,NA,NA,NA,NA,all,all,NA,NA,NA,NA,NA,NA,NA
BFA614,BFR155,1965,1965,NA,NA,all,all,NA,NA,NA,NA,NA,NA,NA
BFA615,BFR155,1970,1970,NA,NA,all,all,NA,NA,NA,NA,NA,NA,NA
BFA616,BFR155,NA,NA,NA,NA,all,all,NA,NA,NA,NA,NA,NA,NA
BFA617,BFR155,NA,NA,NA,NA,all,all,NA,NA,NA,NA,NA,NA,NA
BFA618,BFR155,1962,1963,NA,NA,all,all,NA,NA,NA,NA,NA,NA,NA
BFA619,BFR156,1966,1966,NA,NA,single,single,NA,NA,NA,NA,NA,NA,NA
BFA620,BFR157,1979,1979,NA,NA,single,single,NA,NA,NA,NA,NA,NA,NA
BFA621,BFR158,2014,2014,7,NA,all,all,mist nets,NA,NA,6,U,NA,NA
BFA622,BFR159,1971,1972,7,NA,all,all,NA,NA,NA,NA,NA,NA,NA
BFA623,BFR160,2006,2008,27,64800,all,all,mist nets,72,5,8,U,"dry, rainy and ""Nortes"" (cold fronts)",NA
BFA624,BFR161,2005,2006,10,25200,all,all,mist nets,36,4,10,U,NA,NA
BFA625,BFR162,2015,2015,NA,NA,all,all,NA,NA,NA,NA,NA,NA,NA
BFA626,BFR162,2015,2015,NA,NA,all,all,NA,NA,NA,NA,NA,NA,NA
BFA627,BFR162,2015,2015,NA,NA,all,all,NA,NA,NA,NA,NA,NA,NA
BFA628,BFR162,2015,2015,NA,NA,all,all,NA,NA,NA,NA,NA,NA,NA
BFA629,BFR163,1962,1963,NA,NA,all,all,NA,NA,NA,NA,NA,NA,NA
BFA630,BFR163,1962,1963,NA,NA,all,all,NA,NA,NA,NA,NA,NA,NA
BFA631,BFR163,1962,1963,NA,NA,all,all,NA,NA,NA,NA,NA,NA,NA
BFA632,BFR163,1962,1963,NA,NA,all,all,NA,NA,NA,NA,NA,NA,NA
BFA633,BFR163,1962,1963,NA,NA,all,all,NA,NA,NA,NA,NA,NA,NA
BFA634,BFR164,1962,1964,NA,NA,single,all,NA,NA,NA,NA,NA,"Autumn, Spring",NA
BFA291,BFR165,2011,2013,14,37440,all,single,mist nets,NA,12,6,NA,NA,NA
BFA635,BFR166,2003,2005,NA,NA,single,all,NA,NA,NA,NA,NA,NA,NA
BFA636,BFR167,2012,2012,NA,NA,single,single,mist nets,NA,NA,NA,U,NA,NA
BFA637,BFR168,1970,1972,12,NA,all,all,mist nets,NA,NA,NA,NA,summer,NA
BFA638,BFR169,1957,1957,NA,NA,all,all,NA,NA,NA,NA,NA,NA,NA
BFA639,BFR169,1957,1957,NA,NA,all,all,NA,NA,NA,NA,NA,NA,NA
BFA640,BFR169,1957,1957,NA,NA,all,all,NA,NA,NA,NA,NA,NA,NA
BFA641,BFR169,1957,1957,NA,NA,all,all,NA,NA,NA,NA,NA,NA,NA
BFA642,BFR169,1957,1957,NA,NA,all,all,NA,NA,NA,NA,NA,NA,NA
BFA643,BFR169,1957,1957,NA,NA,all,all,NA,NA,NA,NA,NA,NA,NA
BFA644,BFR169,1957,1957,NA,NA,all,all,NA,NA,NA,NA,NA,NA,NA
BFA645,BFR170,2013,2013,2,NA,single,all,mist nets,8,NA,NA,NA,NA,NA
BFA646,BFR171,2019,2021,9,77760,all,all,mist nets,48,6,10,U,NA,NA
BFA085,BFR172,2020,2020,1,NA,single,all,harp trap,NA,NA,NA,NA,dry,NA
BFA647,BFR173,NA,NA,1,NA,all,all,mist nets,4,2,NA,NA,NA,NA
BFA648,BFR174,2018,2019,18,NA,single,all,mist nets,24,5,NA,U,NA,NA
BFA649,BFR175,2017,2018,NA,72000,all,all,mist nets,40,6,NA,U,dry and rainy,NA
BFA650,BFR176,2017,2018,12,NA,single,all,hand net,12,12,NA,U,NA,diurnal visits
BFA651,BFR176,2017,2018,12,NA,single,all,hand net,12,12,NA,U,NA,diurnal visits
BFA652,BFR177,2015,2017,13,NA,all,all,mist nets,6,6,7,U,NA,NA
BFA653,BFR178,2022,2022,NA,NA,single,single,mist nets,4,6,4,U,NA,NA
BFA278,BFR179,2012,2013,7,20520,single,all,mist nets,19,6,8,U,dry and rainy,NA