RefCode,Author,Year,Type,Reference,BatVouchers,FlyVouchers,AssociatedReferences
BFR001,Abundes-Gallegos et al.,2018,Article,"Abundes-Gallegos, J., M. Salas-Rojas, G. Galvez-Romero, L. Perea-Martínez, C. Y. Obregón-Morales, J. B. Morales-Malacara, B. B. Chomel, M. J. Stuckey, H. Moreno-Sandoval, A. García-Baltazar, B. Nogueda-Torres, G. Zuñiga, and A. Aguilar-Setién. 2018. Detection of Dengue Virus in Bat Flies (Diptera: Streblidae) of Common Vampire Bats, Desmodus rotundus , in Progreso, Hidalgo, Mexico. Vector-Borne and Zoonotic Diseases 18:70–73.",NA,NA,NA
BFR002,Ascuntar-Osnas et al.,2020,Article,"Ascuntar-Osnas, O., S. Montoya-Bustamante, and B. González-Chávez. 2020. Records of Streblidae (Diptera: Hippoboscoidea) in a tropical dry forest fragment in Colombia. Biota Colombiana 21:16–27.","Colección de Mamíferos de la Universidad del Valle (UV), Colombia.","Museo de Entomología de la Universidad del Valle (MUSENUV), Colombia.",NA
BFR003,Autino et al.,2009,Article,"Autino, A. G., G. L. Claps, M. S. Sánchez, and R. M. Barquez. 2009. New records of bat ectoparasites (Diptera, Hemiptera and Siphonaptera) from northern Argentina. Neotropical Entomology 38:165–177.","Colección Mamíferos Lillo (CML), Facultad de Ciencias Naturales e Instituto Miguel Lillo, Universidad Nacional de Tucumán, Argentina; and at the Museo de La Plata (MLP), La Plata, Argentina.","Colección Mamíferos Lillo (CML) annexes, Argentina",NA
BFR004,Autino et al.,2011,Article,"Autino, A. G., G. L. Claps, R. M. Barquez, and M. M. Díaz. 2011. Ectoparasitic insects (Diptera: Streblidae and Siphonaptera: Ischnopsyllidae) of bats from Iquitos and surrounding areas (Loreto, Peru). Memórias do Instituto Oswaldo Cruz 106:917–925.","Museo de Historia Natural de San Marcos, Lima, Peru and the Colección Mamíferos Lillo (CML), Tucumán, Argentina","Annexes section of the Colección Mamíferos Lillo (CML), Argentina",NA
BFR005,Autino et al.,2020,Article,"Autino, A. G., F. M. Idoeta, G. L. Claps, and R. M. Barquez. 2020. Ectoparasite insects of bats from the fields and weedlands eco-region of Argentina. Papéis Avulsos de Zoologia 60:e20206064.","Colección Mamíferos Lillo (CML), Universidad Nacional de Tucumán, and in the Colección de Mastozoología del Museo de La Plata (Facultad de Ciencias Naturales y Museo, Universidad Nacional de La Plata, Buenos Aires), Argentina.","CML Annexes Section, Argentina.",NA
BFR006,Azevedo & Linardi,2002,Article,"Azevedo, A. A., and P. M. Linardi. 2002. Streblidae (Diptera) of Phyllostomid Bats from Minas Gerais, Brazil. Memórias do Instituto Oswaldo Cruz 97:421–422.","Department  of Zoology, UFMG, Belo Horizonte, MG, Brazil.","Department of Parasitology, UFMG, Belo Horizonte, MG, Brazil.",NA
BFR007,Barbier et al.,2016,Article,"Barbier, E., J. G. Prado-Neto, and E. Bernard. 2016. Records of Bat Flies (Diptera: Nycteribiidae and Streblidae) in the Semi-Arid Caatinga in the State of Paraíba, Northeastern Brazil. Neotropical Entomology 45:740–745.","Mammal Collection of the Federal University of Pernambuco, Brazil",Entomological Collection of Federal University of Pernambuco (CE-UFPE). Brazil.,NA
BFR008,Barbier et al.,2021,Article,"Barbier, E., F. Falcão, and E. Bernard. 2021. Bat-ectoparasitic fly relationships in a seasonally dry tropical forest in Brazil. Parasitology Research 120:3507–3517.",NA,NA,NA
BFR009,Barbier & Graciolli,2016,Article,"Barbier, E., and G. Graciolli. 2016. Community of bat flies (Streblidae and Nycteribiidae) on bats in the Cerrado of Central-West Brazil: hosts, aggregation, prevalence, infestation intensity, and infracommunities. Studies on Neotropical Fauna and Environment 51:176–187.","Zoological Reference Collection of the Universidade Federal de Mato Grosso do Sul (ZUFMS), Brazil.",NA,NA
BFR010,Barbier et al.,2019,Article,"Barbier, E., G. Graciolli, and E. Bernard. 2019. Structure and composition of Nycteribiidae and Streblidae flies on bats along an environmental gradient in northeastern Brazil. Canadian Journal of Zoology 97:409–418.","Mammal Collection (UFPE) of Universidade Federal de Pernambuco, Brazil","Entomological Collection (CE–UFPE) of Universidade Federal de Pernambuco, Brazil.",NA
BFR011,Barbier et al.,2018,Article,"Barbier, E., F. Hintze, A. C. Jardelino, and E. Bernard. 2018. First Record of the Bat Ectoparasitic Fly Strebla proxima Wenzel, 1976 (Diptera: Streblidae) from Brazil. Entomological News 127:369–374.",NA,"Entomological Collection of the Federal University of Pernambuco (CE-UFPE), Brazil.",NA
BFR012,Barbier et al.,2019,Article,"Barbier, E., H. Nunes, P. A. da Rocha, F. L. Rocha, and P. Cordeiro-Estrela. 2019. Updated species list of the bat ectoparasitic flies (Diptera: Nycteribiidae and Streblidae) in the state of Paraíba, Northeastern Brazil. Revista Mexicana de Biodiversidad 90.",NA,"Entomological Collection of the Federal University of Pernambuco (CE-UFPE), Brazil.",NA
BFR013,Barbier et al.,2017,Article,"Barbier, E., A. Q. S. de Souza, J. P. Bezerra, J. O. F. Dos Santos, and W. R. T. Júnior. 2017. New Record, New Host, and Geographic Distribution of Basilia hughscotti Guimarães, 1946 (Diptera: Nycteribiidae). Entomological News 126:394–399.",NA,"Entomological Collection of the Federal University of Pernambuco (CE-UFPE), Brazil.",NA
BFR014,Barbier et al.,2019,Article,"Barbier, E., G. L. Urbieta, H. Nunes, S. S. Bomfim, and P. A. Da Rocha. 2019. High Specificity and Aggregation, But Low Prevalence in Bat-Fly Interactions in an Environmental Protection Area in Brazil. Acta Chiropterologica 21:443.","Mammal Collection of the Federal University of Sergipe (CMUFS), Brazil","Entomological Collection of the Federal University of Pernambuco (CE-UFPE), Brazil.",NA
BFR015,Bertola et al.,2005,Article,"Bertola, P. B., C. C. Aires, S. E. Favorito, G. Graciolli, M. Amaku, and R. Pinto-da-Rocha. 2005. Bat flies (Diptera: Streblidae, Nycteribiidae) parasitic on bats (Mammalia: Chiroptera) at Parque Estadual da Cantareira, São Paulo, Brazil: parasitism rates and host-parasite associations. Memórias do Instituto Oswaldo Cruz 100:25–32.",Ectoparasite collection of the Museu de Zoologia da Universidade de São Paulo (MZSP),NA,NA
BFR016,Bezerra & Bocchiglieri,2018,Article,"Bezerra, R. H. S., and A. Bocchiglieri. 2018. Association of ectoparasites (Diptera and Acari) on bats (Mammalia) in a restinga habitat in northeastern Brazil. Parasitology Research 117:3413–3420.",NA,NA,NA
BFR017,Bezerra et al.,2016,Article,"Bezerra, R. H. S., P. F. de Vasconcelos, and A. Bocchiglieri. 2016. Ectoparasites of bats (Mammalia: Chiroptera) in Atlantic forest fragments in north-eastern Brazil. Parasitology Research 115:3759–3765.",NA,NA,NA
BFR018,Bolívar-Cimé et al.,2018,Article,"Bolívar-Cimé, B., A. Cuxim-Koyoc, E. Reyes-Novelo, J. B. Morales-Malacara, J. Laborde, and R. Flores-Peredo. 2018. Habitat fragmentation and the prevalence of parasites (Diptera, Streblidae) on three Phyllostomid bat species. Biotropica 50:90–97.",NA,NA,NA
BFR019,Camilotti et al.,2010,Article,"Camilotti, V., G. Graciolli, M. Weber, J. Arruda, and N. Cáceres. 2010. Bat flies from the deciduous Atlantic Forest in southern Brazil: Host-parasite relationships and parasitism rates. Acta Parasitologica 55:194–200.",NA,Coleção de Referência Zoológica da Universidade Federal do Mato Grosso do Sul (ZUFMS),NA
BFR020,Colín-Martínez et al.,2018,Article,"Colín-Martínez, H., J. B. Morales-Malacara, and C. García-Estrada. 2018. Epizoic Fauna Survey on Phyllostomid Bats (Chiroptera: Phyllostomidae) in a Shaded Coffee Plantation of Southeastern Chiapas, Mexico. Journal of Medical Entomology 55:172–182.",NA,NA,NA
BFR021,Cordero-Schmidt et al.,2017,Article,"Cordero-Schmidt, E., E. Barbier, J. C. Vargas-Mena, P. P. Oliveira, F. D. A. R. Santos, R. A. Medellín, B. R. Herrera, and E. M. Venticinque. 2017. Natural History of the Caatinga Endemic Vieira’s Flower Bat, Xeronycteris vieirai. Acta Chiropterologica 19:399–408.","Mammal Collection of the Universidade Federal do Rio Grande do Norte, Mammal Collection of the Universidade Federal de Pernambuco",NA,NA
BFR022,Cuxim-Koyoc et al,2016,Article,"Cuxim-Koyoc, A., E. Reyes-Novelo, M. C. Macswiney, and P. A. Aguilar-Rodríguez. 2016. Nuevos registros de Streblidae (Diptera: Hippoboscoidea) para México. Revista Colombiana de Entomología 42:192.",NA,Laboratorio de Zoonosis y Otras Enfermedades Transmitidas por Vector [LZOO] del Centro de Investigaciones Regionales “Dr. Hideyo Noguchi” de la Universidad Autónoma de Yucatán.,NA
BFR023,Cuxim-Koyoc et al,2018,Article,"Cuxim-Koyoc, A., E. Reyes-Novelo, M. C. MacSwiney, and J. M. Pech-Canché. 2018. Moscas ectoparásitas de murciélagos (Diptera: Streblidae y Nycteribiidae) del Valle de Uxpanapa, Veracruz, México. Revista Mexicana de Biodiversidad 89:199–205.",NA,Laboratorio de Zoonosis y Otras Enfermedades Transmitidas por Vector del Centro de Investigaciones Regionales “Hideyo Noguchi” de la Universidad Autónoma de Yucatán,NA
BFR024,Cuxim-Koyoc et al,2015,Article,"Cuxim-Koyoc, A., E. Reyes-Novelo, J. B. Morales-Malacara, B. Bolívar-Cimé, and J. Laborde. 2015. Streblidae (Diptera: Hippoboscoidea) from Yucatan and Updated Species List for Mexico. Journal of Medical Entomology 52:947–961.",NA,Laboratorio de Zoonosis y Otras Enfermedades Transmitidas por Vector del Centro de Investigaciones Regionales “Hideyo Noguchi” de la Universidad Autónoma de Yucatán,NA
BFR025,da Silva Biz et al.,2021,Article,"da Silva Biz, L., M. F. Cascaes, B. F. L. Luciano, G. Preuss, D. A. S. Bôlla, G. Graciolli, and F. Carvalho. 2021. Parasitic interactions between bats (Mammalia: Chiroptera) and flies (Insecta: Diptera) in the intersection area of temperate and tropical climates in Brazil. Studies on Neotropical Fauna and Environment 00:1–10.",Laboratório de Zoologia e Ecologia de Vertebrados (LABZEV) from the Universidade do Extremo Sul Catarinense (UNESC),"Laboratório de Sistemática, Ecologia e Evolução (LSEE) of the Universidade Federal do Mato Grosso do Sul",NA
BFR026,de Groot et al.,2020,Article,"de Groot, M. D., I. Dumolein, T. Hiller, A. D. Sándor, T. Szentiványi, M. Schilthuizen, M. C. Aime, A. Verbeken, and D. Haelewaters. 2020. On the Fly: Tritrophic Associations of Bats, Bat Flies, and Fungi. Journal of Fungi 6:361.",NA,NA,NA
BFR027,de Vasconcelos et al.,2016,Article,"de Vasconcelos, P. F., L. A. D. Falcão, G. Graciolli, and M. A. Z. Borges. 2016. Parasite-host interactions of bat flies (Diptera: Hippoboscoidea) in Brazilian tropical dry forests. Parasitology Research 115:367–377.",NA,Laboratory of Ecology and Biological Control of Insects (LECB) of the State University of Montes Claros (Unimontes),"Dolabela Falcão, L. A., W. S. Araújo, L. O. Leite, M. Fagundes, M. M. Espírito-Santo, M. A. Zazá-Borges, P. Vasconcelos, G. W. Fernandes, and A. Paglia. 2022. Network Structure of Bat-Ectoparasitic Interactions in Tropical Dry Forests at Two Different Regions in Brazil. Acta Chiropterologica 24:239–248."
BFR028,Dias et al.,2009,Article,"Dias, P. A., C. L. C. dos Santos, F. S. Rodrigues, L. C. Rosa, K. S. Lobato, and J. M. M. Rebêlo. 2009. Espécies de moscas ectoparasitas (Diptera, Hippoboscoidea) de morcegos (Mammalia, Chiroptera) no estado do Maranhão. Revista Brasileira de Entomologia 53:128–133.",NA,Coleção Universidade Federal do Maranhão e Universidade Federal do Mato Grosso do Sul ,NA
BFR029,Dick & Gettinger,2005,Article,"Dick, C. W., and D. Gettinger. 2005. A FAUNAL SURVEY OF STREBLID FLIES (DIPTERA: STREBLIDAE) ASSOCIATED WITH BATS IN PARAGUAY. Journal of Parasitology 91:1015–1024.",NA,NA,"(1)Willig MR, Presley SJ, Owen R, López-González C. 2000. Composition and structure of bat assemblages in Paraguay: a subtropical-temperate interface. Journal of Mammalogy 81: 386–401. (2)Presley, S. J. 2007. Streblid bat fly assemblage structure on Paraguayan Noctilio leporinus (Chiroptera: Noctilionidae): nestedness and species co-occurrence. Journal of Tropical Ecology 23:409-417. (3) Presley SJ, Willig MR. 2008. Intraspecific patterns of ectoparasite abundance on Paraguayan bats: effects of host sex and body size. Journal of Tropical Ecology 24: 75–83. (4)Presley, S. J. 2012. Sex-based population structure of ectoparasites from Neotropical bats. Biological Journal of the Linnean Society 107:56–66."
BFR030,Dittmar et al.,2009,Article,"Dittmar, K., C. W. Dick, B. D. Patterson, M. F. Whiting, and M. E. Gruwell. 2009. Pupal Deposition and Ecology of Bat Flies (Diptera: Streblidae): Trichobius sp. (Caecus Group) in a Mexican Cave Habitat. Journal of Parasitology 95:308–314.",NA,NA,NA
BFR031,do Amaral et al.,2018,Article,"do Amaral, R. B., E. C. Lourenço, K. M. Famadas, A. B. Garcia, R. Z. Machado, and M. R. André. 2018. Molecular detection of Bartonella spp. and Rickettsia spp. in bat ectoparasites in Brazil. PLOS ONE 13:e0198629.",NA,NA,NA
BFR032,Dornelles et al.,2017,Article,"Dornelles, G. D. P., G. Graciolli, A. Odon, and M. O. Bordignon. 2017. Infracommunities of Streblidae and Nycteribiidae (Diptera) on bats in an ecotone area between Cerrado and Atlantic Forest in the state of Mato Grosso do Sul. Iheringia. Série Zoologia 107.",Coleção Zoológica de Referência da Universidade Federal de Mato Grosso do Sul (ZUFMS),Coleção Zoológica de Referência da Universidade Federal de Mato Grosso do Sul (ZUFMS),NA
BFR033,Dornelles & Graciolli,2017,Article,"Dornelles, G. D. P., and G. Graciolli. 2017. Streblid bat flies on phyllostomid bats from an island off the coast of São Paulo, Brazil. Papéis Avulsos de Zoologia (São Paulo) 57:31.",NA,NA,NA
BFR034,Duran et al.,2019,Article,"Durán, A. A., R. A. Saldaña-Vázquez, G. Graciolli, and L. C. Peinado. 2019. Specialization and Modularity of a Bat Fly Antagonistic Ecological Network in a Dry Tropical Forest in Northern Colombia. Acta Chiropterologica 20:503.",NA,"Coleção Zoológica de Referência da Universidade Federal de Mato Grosso do Sul (ZUFMS), Cam po Grande (Brazil) and at the Entomology Laboratory of the Sucre University (LEUS), in Sincelejo (Colombia).",NA
BFR035,Eriksson et al.,2011,Article,"Eriksson, A., G. Graciolli, and E. Fischer. 2011. Bat flies on phyllostomid hosts in the Cerrado region: component community, prevalence and intensity of parasitism. Memórias do Instituto Oswaldo Cruz 106:274–278.",zoological collection at the Federal University of Mato Grosso do Sul (ZUFMS),zoological collection at the Federal University of Mato Grosso do Sul (ZUFMS),NA
BFR036,Esbérard et al.,2012,Article,"Esbérard, C. E. L., D. Astúa, L. Geise, L. M. Costa, and L. G. Pereira. 2012. Do young Carollia perspicillata (Chiroptera: Phyllostomidae) present higher infestation rates of Streblidae (Diptera)? Brazilian journal of biology 72:617–21.","Laboratório de Diversidade de Morcegos, in Universidade Federal Rural do Rio de Janeiro.",Laboratório de Diversidade de Morcegos reference collection,NA
BFR037,Esbérard et al.,2014,Article,"Esbérard, C. E. L., T. C. Biavatti, W. D. Carvalho, L. de M. Costa, M. de S. Godoy, L. A. C. Gomes, J. L. Luz, A. Pol, E. P. Silva, G. K. Tato, and G. Graciolli. 2014. Trichobius longipes (Diptera, Streblidae) as a parasite of Phyllostomus hastatus(Chiroptera, Phyllostomidae). Revista Brasileira de Parasitologia Veterinária 23:315–319.",NA,reference collection of the Federal University of Mato Grosso,NA
BFR038,Estrada-Villegas et al.,2018,Article,"Estrada-Villegas, S., T. K. Halczok, M. Tschapka, R. A. Page, S. D. Brändel, and T. Hiller. 2018. Bats and their Bat Flies: Community Composition and Host Specificity on a Pacific Island Archipelago. Acta Chiropterologica 20:161–176.",NA,NA,NA
BFR039,Fagundes et al.,2017,Article,"Fagundes, R., Y. Antonini, and L. M. S. Aguiar. 2017. Overlap in cave usage and period of activity as factors structuring the interactions between bats and ectoparasites. Zoological Studies 56.",NA,NA,NA
BFR040,França et al.,2013,Article,"França, D., S. Pereira, A. Maas, M. Martins, D. Bolzan, I. Lima, D. Dias, and A. Peracchi. 2013. Ectoparasitic flies (Diptera, Streblidae) of bats (Chiroptera, Phyllostomidae) in an Atlantic Forest area, southeastern Brazil. Brazilian Journal of Biology 73:847–854.","Adriano Lúcio Peracchi Collection (ALP), in the Institute of Biology, Universidade Federal Rural do Rio de Janeiro (UFRRJ)","Adriano Lúcio Peracchi Collection (ALP), in the Institute of Biology, Universidade Federal Rural do Rio de Janeiro (UFRRJ)",NA
BFR041,Frank et al.,2016,Article,"Frank, H. K., C. D. Mendenhall, S. D. Judson, G. C. Daily, and E. A. Hadly. 2016. Anthropogenic impacts on Costa Rican bat parasitism are sex specific. Ecology and Evolution 6:4898–4909.",NA,NA,NA
BFR042,Graciolli & Bianconi,2007,Article,"Graciolli, G., and G. V. Bianconi. 2007. Moscas ectoparasitas (Diptera, Streblidae e Nycteribiidae) em morcegos (Mammalia, Chiroptera) em área de Floresta com Araucária no Estado do Paraná, sul do Brasil. Revista Brasileira de Zoologia 24:246–249.",NA,NA,NA
BFR043,Graciolli & Dick,2012,Article,"Graciolli, G., and C. W. Dick. 2012. Description of a second species of Joblingia Dybas &amp; Wenzel, 1947 (Diptera: Streblidae). Systematic Parasitology 81:187–193.",NA," MZSP, Museu de Zoologia da Universidade de São Paulo, São Paulo, Brasil; DZUP, Coleção de Entomologia Padre Jesus Santiago Moure, Curitiba, Brasil.",NA
BFR044,Graciolli & Dick,2009,Article,"Graciolli, G., and C. W. Dick. 2009. A new species of Basilia Miranda-Ribeiro (Diptera: Nycteribiidae) from Honduras, parasite of Bauerus dubiaquercus (Van Gelder) (Chiroptera: Vespertilionidae: Antrozoinae). Zootaxa 1972:59–64.",NA,"Carnegie Museum of Natural History, Pittsburg, Pennsylvania, USA (CM)",NA
BFR045,Graciolli et al.,2019,Article,"Graciolli, G., R. Guerrero, and F. Catzeflis. 2019. Streblid bat flies (Diptera) and other ectoparasites on bats (Mammalia: Chiroptera) from French Guiana. Biota Neotropica 19.",Museum d’Histoire Naturelle de Genève (MHNG),"Coleção Zoológica de Referência da Universidade Federal de Mato Grosso do Sul, Campo Grande (Brazil), Colección de Parasitología del Museo de Ciencias de la Universidad Central de Venezuela (MBUCV) and also at Institut des Sciences de l’Evolution, Université de Montpellier (France)",NA
BFR046,Graciolli et al.,2006,Article,"Graciolli, G., F. C. Passos, W. A. Pedro, and B. K. Lim. 2006. Moscas ectoparasitas (Diptera, Streblidae) de morcegos filostomídeos (Mammalia, Chiroptera) na Estação Ecológica dos Caetetus, São Paulo, Brasil. Revista Brasileira de Zoologia 23:298–299.",NA,"Coleção de Entomologia Padre Jesus Santiago Moure do Departamento de Zoologia, Universidade Federal do Paraná, Curitiba.","Pedro, W.A., Passos F.C. & B.K Lim. 2001. Morcegos (Chiroptera; Mammalia) da Estação Ecológica dos Caetetus, Estado de São Paulo. Chiroptera Neotropical, Brasília, 7: 136-140"
BFR047,Graciolli et al.,2010,Article,"Graciolli, G., M. Zortéa, and L. F. A. da C. Carvalho. 2010. Bat flies (Diptera, Streblidae and Nycteribiidae) in a Cerrado area of Goiás State, Brazil. Revista Brasileira de Entomologia 54:511–514.",NA,NA,NA
BFR048,Guzman-Cornejo et al.,2003,Article,"Guzmán-Cornejo, C., L. García-Prieto, G. Pérez-Ponce De León, and J. B. Morales-Malacara. 2003. Parasites of Tadarida brasiliensis mexicana (Chiroptera: Molossidae) from Arid Regions of Mexico. Comparative Parasitology 70:11–25.",NA,NA,NA
BFR049,Hernandez-Arciga et al.,2016,Article,"Hernández-Arciga, U., L. G. Herrera M., and J. B. Morales-Malacara. 2016. Tracking host use by bat ectoparasites with stable isotope analysis. Canadian Journal of Zoology 94:353–360.",NA,NA,NA
BFR050,Hernandez-Martínez et al.,2019,Article,"Hernández-Martínez, J., J. B. Morales-Malacara, M. Y. Alvarez-Añorve, S. Amador-Hernández, K. Oyama, and L. D. Avila-Cabadilla. 2019. Drivers potentially influencing host–bat fly interactions in anthropogenic neotropical landscapes at different spatial scales. Parasitology 146:74–88.",NA,"Collection of the National School of Higher Education, UNAM campus Morelia (90%) and at the Morales-Malacara Collection (10%) housed at the Laboratory of Speleobiology and Acarology of the Faculty of Sciences campus Juriquilla, UNAM.",NA
BFR051,Dittmar et al.,2011,Article,"Dittmar, K., Morse, S., Gruwell, M., Mayberry, J., DiBlasi, E. (2011) Spatial and Temporal Complexities of Reproductive Behavior and Sex Ratios: A Case from
Parasitic Insects. PLoS ONE 6(5): e19438. https://doi.org/10.1371/journal.pone.0019438",NA,NA,NA
BFR052,Hiller et al.,2021,Article,"Hiller, T., M. G. R. Vollstädt, S. D. Brändel, R. A. Page, and M. Tschapka. 2021. Bat–bat fly interactions in Central Panama: host traits relate to modularity in a highly specialised network. Insect Conservation and Diversity 14:686–699.",NA,NA,"1. Hiller, T., B. Honner, R. A. Page, and M. Tschapka. 2018. Leg structure explains host site preference in bat flies (Diptera: Streblidae) parasitizing neotropical bats (Chiroptera: Phyllostomidae). Parasitology 145:1475–1482. 2. Hiller, T., S. D. Brändel, B. Honner, R. A. Page, and M. Tschapka. 2020. Parasitization of bats by bat flies (Streblidae) in fragmented habitats. Biotropica 52:488–501."
BFR053,Hrycyna et al,2019,Article,"Hrycyna, G., A. C. M. Martins, and G. Graciolli. 2019. Infracommunities of bat flies (Diptera: Streblidae and Nycteribiidae) of bats (Mammalia: Chiroptera) in three conservation units in the State of Amapá, Brazil. Biota Neotropica 19.",NA,"Coleção Zoológica de Referência, Universidade Federal do Mato Grosso do Sul, Campo Grande","MARTINS, A.C.M., BERNARD, E. GREGORIN, R. 2006. Inventários biológicos rápido de morcegos (Mammalia, Chiroptera) em três unidades de conservação do Amapá, Brasil. Rev. Bras. Zool. 23:1175-1184.
MARTINS, A.C.M., BERNARD, E. GEGORIN, R. WANUYZE, A.S.S. 2011. Filling data gaps on the diversity and distribution of Amazonian bats (Chiroptera): The case of Amapá, easternmost Brazil. Zoologia. 28: 177-185."
BFR054,Judson et al.,2015,Article,"Judson, S. D., H. K. Frank, and E. A. Hadly. 2015. Bartonellae are Prevalent and Diverse in Costa Rican Bats and Bat Flies. Zoonoses and Public Health 62:609–617.",NA,NA,NA
BFR055,Komeno & Linhares,1999,Article,"Komeno, C. A., and A. X. Linhares. 1999. Batflies Parasitic on Some Phyllostomid Bats in Southeastern Brazil: Parasitism Rates and Host-parasite Relationships. Memórias do Instituto Oswaldo Cruz 94:151–156.","Department of Zoology, Unesp, São José do Rio Preto, SP, Brazil","Museu de História Natural - Campinas State University”,Campinas, SP, Brazil.",NA
BFR056,Kurta et al.,2007,Article,"Kurta, A., J. O. Whitaker, W. J. Wrenn, and J. A. Soto-centeno. 2007. Ectoparasitic Assemblages on Mormoopid Bats (Chiroptera: Mormoopidae) from Puerto Rico. Journal of Medical Entomology 44:953–958.",NA,NA,NA
BFR057,Lira-Olguin et al.,2021,Article,"Lira-Olguin, A. Z., C. Guzmán-Cornejo, and L. León-Paniagua. 2021. Bat flies (Diptera: Streblidae) associated with phyllostomid bats (Chiroptera: Phyllostomidae) in caves in Mexico. Studies on Neotropical Fauna and Environment 56:163–175.","Colección de Mamíferos Museo de Zoología (MZFC) at Facultad de Ciencias, Universidad Nacional Autonoma de Mexico (UNAM)","Colección del Laboratorio de Acarología  (LAFC) Facultad de Ciencias, Universidad Nacional Autonoma de Mexico (UNAM)",NA
BFR058,Lourenço & Esbérard,2011,Article,"Lourenço, E. C., and C. E. L. Esbérard. 2011. Reinfestation of Streblidae ectoparasites (Diptera) in Carollia perspicillata (Linnaeus, 1758) (Chiroptera). Revista Brasileira de Parasitologia Veterinária 20:325–330.",NA,reference collection of the Bat Diversity Laboratory of the Federal Rural University of Rio de Janeiro,NA
BFR059,Lourenço et al.,2020,Article,"Lourenço, E. C., L. A. C. Gomes, A. de O. Viana, and K. M. Famadas. 2020. Co-occurrence of Ectoparasites (Insecta and Arachnida) on Bats (Chiroptera) in an Atlantic Forest Remnant, Southeastern Brazil. Acta Parasitologica 65:750–759.",NA,"Zoological Reference Collection of the Federal University of Mato Grosso do Sul in Campo Grande,
Mato Grosso do Sul State, and the Acarology Collection of the Butantan Institute in São Paulo, São Paulo State, Brazil","Gomes LAC, Pires ADS, Martins MA, Lourenço EC, Peracchi AL (2015) Species composition and seasonal variation in abundance of  Phyllostomidae bats (Chiroptera) in an Atlantic Forest remnant, Southeastern Brazil. Mammalia 79(1):61–68."
BFR060,Lourenço et al.,2014,Article,"Lourenço, E. C., P. M. P. Patrício, M. da C. Pinheiro, R. M. Dias, and K. M. Famadas. 2014. Streblidae (Diptera) on bats (Chiroptera) in an area of Atlantic Forest, state of Rio de Janeiro. Revista Brasileira de Parasitologia Veterinária 23:164–170.",NA,"Federal University of Mato Grosso do Sul in the city of Campo Grande, Brazil.","Patrício, P. M. P., E. C. Lourenço, A. Q. de Freitas, and K. M. Famadas. 2016. Host morphophysiological conditions and environment abiotic factors correlate with bat flies (Streblidae) prevalence and intensity in Artibeus Leach, 1821 (Phyllostomidae). Ciência Rural 46:648–653. "
BFR061,Ramirez Martínez et al.,2016,Article,"Ramirez Martínez, M. M., M. P. I. Lopez, L. I. Iñiguez-Dávalos, T. Yuill, M. V. Orlova, and W. K. Reeves. 2016. New records of ectoparasitic Acari (Arachnida) and Streblidae (Diptera) from bats in Jalisco, Mexico. Journal of Vector Ecology 41:309–313.","Museum of Biological Diversity, Ohio State University, Columbus, Ohio.","Museum of Biological Diversity, Ohio State University, Columbus, Ohio.","Lira-Olguin, A. Z., C. Guzmán-Cornejo, and L. Del Castillo-Martínez. 2015. Dípteros (Diptera: Streblidae) parásitos de murciélagos de cuevas de Chiapas, México. Entomología Mexicana 2:785–789."
BFR062,Mello et al.,2021,Article,"Mello, R. M., R. S. Laurindo, L. C. Silva, M. V. Pyles, M. C. S. Mancini, W. Dáttilo, and R. Gregorin. 2021. Landscape configuration and composition shape mutualistic and antagonistic interactions among plants, bats, and ectoparasites in human-dominated tropical rainforests. Acta Oecologica 112:103769.",NA,NA,NA
BFR063,Moras et al.,2013,Article,"Moras, L., L. Bernardi, G. Graciolli, and R. Gregorin. 2013. Bat flies (Diptera: Streblidae, Nycteribiidae) and mites (Acari) associated with bats (Mammalia: Chiroptera) in a high-altitude region in southern Minas Gerais, Brazil. Acta Parasitologica 58:556–563.",NA,Zoological Reference Collection – Center for Biological and Health Sciences/UFMS and at the Mammal Collection of the Universidade Federal de Lavras (CMUFLA),NA
BFR064,Moura et al.,2003,Article,"Moura, M. O., M. O. Bordignon, and G. Graciolli. 2003. Host characteristics do not affect community structure of ectoparasites on the fishing bat Noctilio leporinus (L., 1758) (Mammalia: Chiroptera). Memórias do Instituto Oswaldo Cruz 98:811–815.",NA,"Coleção de Entomologia Pe Jesus Santiago Moure, Departamento de Zoologia (DZUP), Universidade Federal do Paraná, Brazil",NA
BFR065,Muñoz-Romo et al.,2011,Article,"Muñoz-Romo, M., J. F. Burgos, and T. H. Kunz. 2011. The Dorsal Patch of Males of the Curaçaoan Long-Nosed bat, Leptonycteris curasoae (Phyllostomidae: Glossophaginae) as a Visual Signal. Acta Chiropterologica 13:207–215.",NA,NA,NA
BFR066,Orta-Pineda et al.,2019,Article,"Orta-Pineda, G., V. M. Rodríguez-Valencia, O. Rico-Chávez, D. F. Zamora-Bárcenas, Á. Rodríguez-Moreno, G. Montiel-Parra, M. Arenas-Montaño, F. A. Galindo-Maldonado, G. Suzán-Azpiri, and R. Ojeda-Flores. 2019. Composición de comunidades y filoespecificidad de ectoparásitos de murciélagos en paisajes agropecuarios de Veracruz, México. Ecosistemas y Recursos Agropecuarios 7.",NA,NA,NA
BFR067,Ikeda et al,2020,Article,"Ikeda, P., J. Marinho Torres, L. Perles, E. C. Lourenço, H. M. Herrera, C. E. de Oliveira, R. Zacarias Machado, and M. R. André. 2020. Intra- and Inter-Host Assessment of Bartonella Diversity with Focus on Non-Hematophagous Bats and Associated Ectoparasites from Brazil. Microorganisms 8:1822",NA,NA,"Alcantara, D. M. C., P. Ikeda, C. S. Souza, V. V. C. de Mello, J. M. Torres, E. C. Lourenço, R. Bassini-Silva, H. M. Herrera, R. Z. Machado, D. M. Barros-Battesti, G. Graciolli, and M. R. André. 2022. Multilayer Networks Assisting to Untangle Direct and Indirect Pathogen Transmission in Bats. Microbial Ecology:6–8."
BFR068,Palheta et al.,2020,Article,"Palheta, L. R., G. L. Urbieta, L. S. Brasil, K. Dias-Silva, J. B. Da Silva, G. Graciolli, L. M. S. Aguiar, and T. B. Vieira. 2020. The Effect of Urbanization on Bats and Communities of Bat Flies (Diptera: Nycteribiidae and Streblidae) in the Amazon, Northern Brazil. Acta Chiropterologica 22:403–416.","collection of the ChiroXingu, conservation and ecology of bat study group, located in the Ichthyology Laboratory of Altamira – LIA at the Federal University of Pará (UFPA).",NA,NA
BFR069,Ramalho et al.,2021,Article,"Ramalho, D. F., U. M. Diniz, and L. M. S. Aguiar. 2021. Anthropization Affects the Assembly of Bat-Bat Fly Interaction Networks. Frontiers in Environmental Science 9.",NA,NA,NA
BFR070,Reeves et al.,2016,Article,"Reeves, W. K., J. Beck, M. V. Orlova, J. L. Daly, K. Pippin, F. Revan, and A. D. Loftis. 2016. Ecology of Bats, Their Ectoparasites, and Associated Pathogens on Saint Kitts Island. Journal of Medical Entomology 53:1218–1225.",NA,NA,"Reeves, W. K., A. D. Loftis, and J. Beck. 2013. A New Species of Nycterophilia (Diptera: Streblidae) from the Antillean Fruit-eating Bat, Brachyphylla cavernarum (Chiroptera: Phyllostomidae). Journal of Entomological Science 48:114–117."
BFR071,Ribas et al.,2020,Article,"Ribas, M. R., S. C. Batista, and J. M. R. Aranha. 2020. Occurrence and infestation rates of Streblidae (Diptera, Hippoboscoidea) on bats (Mammalia, Chiroptera) in a semideciduous seasonal forest fragment in western Paraná, Brazil. Iheringia. Série Zoologia 110:1–8.","Museu de História Natural Capão da Imbuia, in Curitiba PR, Brazil","Padre Jesus Santiago Moure Collection of the Department of Zoology of the Universidade Federal do Paraná, Curitiba, PR, Brazil",NA
BFR072,Ritzi et al.,2001,Article,"Ritzi, C. M., L. K. Ammerman, M. T. Dixon, and J. V. Richerson. 2001. Bat Ectoparasites from the Trans-Pecos Region of Texas, Including Notes from Big Bend National Park. Journal of Medical Entomology 38:400–404.",Vertebrate Collection at Indiana State University,Invertebrate Collection of Sul Ross State University,NA
BFR073,Rivera-Garcia et al.,2017,Article,"Rivera-García, K. D., C. A. Sandoval-Ruiz, R. A. Saldaña-Vázquez, and J. E. Schondube. 2017. The effects of seasonality on host–bat fly ecological networks in a temperate mountain cave. Parasitology 144:692–697.",NA,NA,NA
BFR074,Rojas et al.,2008,Article,"Rojas, A., A. Jiménez, M. Vargas, M. Zumbado, and M. V. Herrero. 2008. Ectoparasites of the common vampire bat (Desmodus rotundus) in Costa Rica: Parasitism rates and biogeographic trends. Mastozoología neotropical 15:181–187.",NA,NA,NA
BFR075,Salinas-Ramos et al.,2018,Article,"Salinas-Ramos, V. B., A. Zaldívar-Riverón, A. Rebollo-Hernández, and L. G. Herrera-M. 2018. Seasonal variation of bat-flies (Diptera: Streblidae) in four bat species from a tropical dry forest. Mammalia 82:133–143.",NA,NA,NA
BFR076,Santos et al.,2009,Article,"Santos, C. L. C., P. A. Dias, F. S. Rodrigues, K. S. Lobato, L. C. Rosa, T. G. Oliveira, and J. M. M. Rebêlo. 2009. Moscas ectoparasitas (Diptera: Streblidae) de morcegos (Mammalia: Chiroptera) do Município de São Luís, MA: taxas de infestação e associações parasito-hospedeiro. Neotropical Entomology 38:595–601.",NA,"Coleção de Entomologia e Vetores do Departamento de Biologia, Universidade Federal do Maranhão",NA
BFR077,Santos et al.,2013,Article,"Santos, C., A. Pereira, V. Bastos, G. Graciolli, and J. Rebêlo. 2013. Parasitism of ectoparasitic flies on bats in the northern Brazilian cerrado. Acta Parasitologica 58:207–214.",NA,NA,"Hrycyna, G., C. L. C. dos Santos, J. M. M. Rebêlo, and G. Graciolli. 2022. A New Species of Hershkovitzia (Diptera: Nycteribiidae) from Maranhão, Brazil. Anais da Academia Brasileira de Ciências 94:1–7."
BFR078,Sebastian Tello et al.,2008,Article,"Sebastián Tello, J., R. D. Stevens, and C. W. Dick. 2008. Patterns of species co-occurrence and density compensation: a test for interspecific competition in bat ectoparasite infracommunities. Oikos 117:693–702.",NA,Museo de Zoología of the Pontificia Univ. Católica del Ecuador (QCAZ),NA
BFR079,Shockley and Murray,2006,Article,"Shockley, F. W., and K. L. Murray. 2006. Discovery of a Parasitoid and a Predator of Bat Flies (Diptera: Streblidae) at La Selva, Costa Rica. Biotropica 38:789–790.","entomology collection of the Georgia Museum of Natural History (UGCA) at the University of Georgia and Instituto Nacional de Biodiversidad, Costa Rica.","entomology collection of the Georgia Museum of Natural History (UGCA) at the University of Georgia and Instituto Nacional de Biodiversidad, Costa Rica.",NA
BFR080,Silva and Ortencio Filho,2011,Article,"Silva, J. R. R. da, and H. Ortêncio Filho. 2011. Dípteros ectoparasitas (Insecta, Diptera) em morcegos (Chiroptera, Mammalia) na Reserva Biológica das Perobas Paraná, Brasil. Iheringia. Série Zoologia 101:220–224.",NA,NA,NA
BFR081,Silva et al.,2019,Article,"Silva, S. S. P. da, Q. F. Neves, P. G. Guedes, J. C. de Almeida, and M. de C. Brasil-Sato. 2019. Diet and parasites of Lonchophylla inexpectata Moratelli & Dias, 2015 (Chiroptera, Lonchophyllinae) in the threatened Caatinga scrublands from Ceará (northeastern Brazil). Studies on Neotropical Fauna and Environment 54:107–113.",Adriano Lucio Peracchi Collection (ALP) at the Universidade Federal Rural do Rio de Janeiro (UFRRJ),NA,NA
BFR082,Soares et al.,2016,Article,"Soares, F. A. M., G. Graciolli, C. E. B. P. Ribeiro, R. S. Bandeira, J. A. T. Moreno, and S. F. Ferrari. 2016. Bat (Mammalia: Chiroptera) Diversity in an area of mangrove forest in Southern Pernambuco, Brazil, with a new species record and notes on ectoparasites (Diptera: Streblidae). Papéis Avulsos de Zoologia 56:63–68.",NA,Federal University of Mato Grosso do Sul in Campo Grande,NA
BFR083,Soares et al.,2013,Article,"Soares, F. A. M., G. Graciolli, D. M. C. Alcântara, C. E. B. P. Ribeiro, G. C. Valença, and S. F. Ferrari. 2013. Bat flies (Diptera: Streblidae) ectoparasites of bats at an Atlantic Rainforest site in northeastern Brazil. Biota Neotropica 13:242–246.",NA,"Zoological reference collection of the Federal University of Mato Grosso do Sul in Campo Grande, Brazil",NA
BFR084,Soares et al.,2017,Article,"Soares, F. A. M., P. A. da Rocha, J. S. Mikalauskas, G. Graciolli, and S. F. Ferrari. 2017. Ectoparasitic bat flies (Diptera, Streblidae) of bats (Chiroptera, Mammalia) from Mata do Junco wildlife refuge, Sergipe, Northeastern Brazil. Oecologia Australis 21:385–395.","Adriano Lúcio Peracchi Collection, at the Biology Institute of the Federal Rural University of Rio de Janeiro, Brazil","Zoological Reference Collection of the Federal University of Mato Grosso do Sul, Campo Grande, Brazil.",NA
BFR085,Tarquino-Carbonell et al.,2015,Article,"Tarquino-Carbonell, A. P., K. A. Gutiérrez-Díaz, E. Y. Galindo-Espinosa, G. Reinoso-Flórez, S. Solari, and R. Guerrero. 2015. Ectoparasites associated with bats in northeastern Tolima, Colombia. Mastozoología Neotropical 22:349–358.",Zoological Collection of the University of Tolima (CZUT),"Zoological Collection of the University of Tolima (CZUT) 
",NA
BFR086,Ter Hofstede et al.,2004,Article,"ter Hofstede, H. M., M. B. Fenton, and J. O. Whitaker, Jr. 2004. Host and host-site specificity of bat flies (Diptera: Streblidae and Nycteribiidae) on Neotropical bats (Chiroptera). Canadian Journal of Zoology 82:616–626.",NA,NA,"ter Hofstede, H. M., and M. B. Fenton. 2005. Relationships between roost preferences, ectoparasite density, and grooming behaviour of neotropical bats. Journal of Zoology 266:333–340."
BFR087,Tlapaya-Romero et al.,2015,Article,"Tlapaya-Romero, L., A. Horváth, S. Gallina-Tessaro, E. J. Naranjo, and B. Gómez. 2015. Prevalencia y abundancia de moscas parásitas asociadas a una comunidad de murciélagos cavernícolas en La Trinitaria, Chiapas, México. Revista Mexicana de Biodiversidad 86:377–385.","colección entomológica de ECOSUR, San Cristóbal de Las Casas, Chiapas (ECO-SC-E)",NA,NA
BFR088,Tlapaya-Romero et al.,2019,Article,"Tlapaya-Romero, L., S. Ibáñez-Bernal, and A. Santos-Moreno. 2019. New records of bat flies (Diptera: Streblidae) in Oaxaca, Mexico. Revista Mexicana de Biodiversidad 90.",NA,"the Insect Collection of the Instituto de Ecología, A.C. (IEXA), Xalapa, Veracruz, Mexico.","Tlapaya-Romero, L., A. Santos-Moreno, and S. Ibáñez-Bernal. 2021. Effect of seasonality and microclimate on the variation in bat-fly load (Diptera: Streblidae) in a cave bat assemblage in a dry forest. Mammalia 85:345–354."
BFR089,Torres et al.,2019,Article,"Torres, J. M., G. L. Urbieta, L. B. M. de Almeida, D. K. F. Soares, and E. A. C. dos Anjos. 2019. Moscas ectoparasitas (Diptera, Streblidae) de morcegos (Mammalia, Chiroptera) em um remanescente periurbano de Cerrado: composição da comunidade, prevalência, intensidade de infestação e especificidade. Iheringia. Série Zoologia 109:1–6.",coleção zoológica da Universidade Católica Dom Bosco (UCDB),NA,NA
BFR090,Trujillo-Pahua and Ibañez-Bernal,2019,Article,"Trujillo-Pahua, L., and S. Ibáñez-Bernal. 2019. New Geographical Records of Bat Flies (Diptera: Streblidae) Associated With Phyllostomid Bats (Chiroptera: Phyllostomidae) in the West Highlands of Mexico. Journal of Medical Entomology 56:18–28.",NA,"Insect Collection of Instituto de Ecología, A. C. (IEXA) Xalapa, Veracruz, Mexico",NA
BFR091,Trujillo-Pahua and Ibañez-Bernal,2020,Article,"Trujillo-Pahua, L., and S. Ibáñez-Bernal. 2020. Bat flies (Diptera: Streblidae) of phyllostomid bats (Chiroptera: Phyllostomidae) from the mountainous central region of Veracruz, Mexico. Systematic Parasitology 97:743–777.",NA,NA,NA
BFR092,Urbieta et al.,2021,Article,"Urbieta, G. L., G. Graciolli, and J. Vizentin-Bugoni. 2021. Modularity and specialization in bat–fly interaction networks are remarkably consistent across patches within urbanized landscapes and spatial scales. Current Zoology 67:403–410.",NA,Zoological Reference Collection of the Federal University of Mato Grosso do Sul (ZUFMS) in Campo Grande,"Urbieta, G. L., J. M. Torres, E. A. C. Dos Anjos, C. M. E. Carvalho, and G. Graciolli. 2019. Parasitism of Bat Flies (Nycteribiidae and Streblidae) on Bats in Urban Environments: Lower Prevalence, Infracommunities, and Specificity. Acta Chiropterologica 20:511."
BFR093,Vidal et al.,2021,Article,"Vidal, L. L. L., L. F. O. Bernardi, and S. A. Talamoni. 2021. Host-parasite associations in a population of the nectarivorous bat Anoura geoffroyi (Phyllostomidae) in a cave in a Brazilian ferruginous geosystem. Subterranean Biology 39:63–77.",NA,NA,NA
BFR094,Vieira et al.,2019,Article,"Vieira, E. G. M., E. Fischer, G. Graciolli, C. Ferreira Santos, G. Camargo, M. Silveira, and A. Eriksson. 2019. Bat flies aggregation on Artibeus planirostris hosts in the Pantanal floodplain and surrounding plateaus. Parasitology 146:1462–1466.",Universidade Federal de Mato Grosso do Sul (ZUFMS),Universidade Federal de Mato Grosso do Sul (ZUFMS),NA
BFR095,Villegas-Guzma et al.,2005,Article,"Villegas-Guzman, G. A., C. López-González, and M. Vargas. 2005. Ectoparasites Associated to Two Species of Corynorhinus (Chiroptera: Vespertilionidae) from the Guanaceví Mining Region, Durango, Mexico. Journal of Medical Entomology 42:125–127.","mammal collection, Centro Interdisciplinario de Investigación para el desarrollo Integral Regional Instituto Politécnico Nacional Unidad Durango","collection of arthropods associated to mammals at Escuela Nacional de Ciencias Biologicas, Instituto Politecnico  Nacional, Mexico City.",NA
BFR096,Voigt and Kelm,2006,Article,"Voigt, C. C., and D. H. Kelm. 2006. Host preferences of bat flies: following the bloody path of stable isotopes in a host–parasite food chain. Canadian Journal of Zoology 84:397–403.",NA,NA,NA
BFR097,Walker et al.,2018,Article,"Walker, M. J., A. Dorrestein, J. J. Camacho, L. A. Meckler, K. A. Silas, T. Hiller, and D. Haelewaters. 2018. A tripartite survey of hyperparasitic fungi associated with ectoparasitic flies on bats (Mammalia: Chiroptera) in a neotropical cloud forest in Panama. Parasite 25:19.",NA,"Museo de Peces de Agua e Invertebrados, David, Panamá (MUPADI) and Naturalis Biodiversity Center, Leiden, The Netherlands (RMNH).",NA
BFR098,Zamora-Mejías et al.,2020,Article,"Zamora-Mejías, D., J. B. Morales-Malacara, B. Rodríguez-Herrera, M. Ojeda, and R. A. Medellín. 2020. Does latitudinal migration represent an advantage in the decrease of ectoparasitic loads in Leptonycteris yerbabuenae (Chiroptera)? Journal of Mammalogy 101:979–989.",NA,"Morales-Malacara Collection housed in the Laboratory of Speleobiology and Acarology, Faculty of Science, National Autonomous University of Mexico, Juriquilla Campus, Queretaro, Mexico",NA
BFR099,Zarazúa-Carbajal et al.,2016,Article,"Zarazúa-Carbajal, M., R. A. Saldaña-Vázquez, C. A. Sandoval-Ruiz, K. E. Stoner, and J. Benitez-Malvido. 2016. The specificity of host-bat fly interaction networks across vegetation and seasonal variation. Parasitology Research 115:4037–4044.",NA,NA,NA
BFR100,Hoyos et al.,2022,Unpublishe data,"Hoyos, J., Montoya-Bustamante, S., Zapata-Mesa, N. Records of bat flies from a Colombian tropical rainforest","Colección de Mamíferos de la Universidad del Valle (UV), Colombia.",NA,NA
BFR101,Peña et al.,2022,Unpublishe data,"Peña, D., Montoya-Bustamante, S., Galindo-González, J. Records of bat flies from a Mexican tropical montane cloud forest",NA,NA,NA
BFR102,Chacón-Pacheco et al.,2022,Unpublishe data,"Chacón-Pacheco, J., Ballesteros-Correa, J., Pastrana-Montiel, M. R. Records of baf flies from Caribbean colombian",NA,NA,"Pastrana-Montiel, M. R., Ballesteros-Correa, J., & Chacón-Pacheco, J. (2019). First record of the parasite bat fly Basilia mimoni Theodor & Peterson, 1964 (Diptera: Nycteribiidae) in Colombia. Oecologia Australis, 23(3)."
BFR103,Aguiar & Antonini ,2011,Article,"Aguiar, L. M. de S., and Y. Antonini. 2011. Descriptive ecology of bat flies (Diptera: Hippoboscoidea)associated with vampire bats (Chiroptera: Phyllostomidae) in the cerrado of central Brazil. Memorias do Instituto Oswaldo Cruz 106:170–176.",NA,Mammal Collection at the University of Brasília.,"Aguiar, L. M. de S., W. R. de Camargo and A. de S. Portella . 2006. Occurrence of white-winge vampire bat, Diaemus youngi (Mammalia, Chiroptera), in the cerrrado of Distrito Federal, Brazil. Revista Brasilera de Zoologia 23(3):893-896."
BFR104,Almeida et al ,2010,Article,"Almeida, J., S. Silva, N. Serra-Freire, and A. Peracchi. 2010. Diversidade ectoparasitológica em morcegos na Fazenda Marambaia, Rio de Janeiro, RJ, Brasil. Chiroptera Neotropical 16:118–121.",NA,NA,NA
BFR105,Almeida et al ,2011,Article,"Almeida, J. C., S. S. P. Silva, N. M. Serra-Freire, and M. P. Valim. 2011. Ectoparasites (Insecta and Acari) Associated With Bats in Southeastern Brazil. Journal of Medical Entomology 48:753–757.",NA,NA,NA
BFR106,Chavez,2001,Book,"Chavez, J. 2001. Ectoparasites of Small Mammals of the Lower Urubamba Region, Peru. Pages 195–204 in A. Alonso, F. Dallmeier, and P. Campbell, editors. Urubamba : The Biodiversity of a Peruvian Rainforest. Smithsonian Institution, Washington, DC.",NA,NA,NA
BFR107,Anderson & Filho,2006,Article,"Anderson, R., and H. Ortêncio-Filho. 2006. Dípteros ectoparasitas (Diptera, Streblidae) de filostomídeos (Chiroptera, Mammalia) do Parque Municipal No Cinturão Verde de Cianorte, Paraná, Brasil e sua incidência ao longo das estações do ano. Chiroptera Neotropical 12:238–243.","Laboratório de Zoologia da Universidade Paranaense, campus Cianorte.","Laboratório de Zoologia da Universidade Paranaense, campus Cianorte.",NA
BFR108,Minaya et al ,2021,Article,"Minaya, D., J. Mendoza, and J. Iannacone. 2021. Fauna de ectoparásitos en el vampiro común Desmodus rotundus (Geoffroy, 1810) (Chiroptera: Phyllostomidae) de Huarochiri, Lima, y una lista de los ectoparásitos en murciélagos del Perú. Graellsia 77:e135.",NA,NA,NA
BFR109,Augustson ,1943,Article,"Augustson, G. F. 1943. A new parasitic fly from bats (Diptera: Pupipara). Bulletin of Southern California Academy of Sciences 42:52–53.",NA,"Allan Hancock foundation, University of Southern California, Los Angeles, California. ",NA
BFR110,Autino et al.,2004,Article,"Autino, A. G., G. L. Claps, and E. M. González. 2004. Nuevos registros de insectos (Diptera y Siphonaptera) ectoparásitos de murciélagos (Vespertilionidae) del norte de Uruguay. Mastozoología Neotropical 11:81–83.",Museo Nacional de Historia de Montevideo,"Anexos de la colección de mamíferos Lilli (CML) de la Facultad de Ciencias Naturales e Instituto Miguel Lillo, Universidad Nacional de Tucuman, Argentina ",NA
BFR111,Autino et al.,2014,Article,"Autino, G., G. L. Claps, and R. M. Barquez. 2014. El género Aspidoptera ( Diptera : Streblidae ) en la Argentina. Revista de la Sociedad Entomológica Argentina 73:75–79.",Colección Mamíferos Lillo (CML),"Colección de Anexos (ACML), de la Universidad Nacional de Tucumán y Fundación Miguel Lillo.",NA
BFR112,Autino et al.,2016,Article,"Autino, A. G., F. Ortiz, G. L. Claps, and J. C. Bracamonte. 2016. New host and locality records for chiropteran ectoparasites from Jujuy and Salta provinces, Argentina. Check List 12:1895.",Colección Mamíferos Lillo (CML),"Colección de Anexos (ACML), de la Universidad Nacional de Tucumán y Fundación Miguel Lillo.",NA
BFR113,Autino et al.,2018,Article,"Autino, A., I. Benedetto, A. Palmerio, and G. Claps. 2018. Streblidae (Diptera) ectoparásitos de murciélagos del AICOM Osununú/Teyú Cuaré, San Ignacio, Misiones, con la primera cita de Trichobius furmani en Argentina. Revista de la Sociedad Entomológica Argentina 77:30–35.",Colección Mamíferos Lillo (CML),"Colección de Anexos (ACML), de la Universidad Nacional de Tucumán y Fundación Miguel Lillo.",NA
BFR114,Bonifaz et al.,2020,Article,"Bonifaz, E., J. L. Mena, and R. Oporto. 2020. Moscas de murciélagos en algunas localidades de la costa peruana. Revista Peruana de Biología 27:241–250.",NA,"Departamento de Zoología del Museo de Historia Natural “Vera Alleman Haeghbaert.” (Universidad Ricardo Palma, Lima, Perú).",NA
BFR115,Brues ,1904,Article,"Brues, C. T. 1904. Notes on Trichobius and the systematic position of the Streblidae. Bulletin American Museunm of Natural History 20:131–134.",NA,NA,NA
BFR116,Camacho et al. ,2014,Article,"Alejandra Camacho, M., D. G. Tirira, C. W. Dick, and S. F. Burneo. 2014. Lophostoma carrikeri (Allen, 1910) (Chiroptera: Phyllostomidae): First confirmed records in Ecuador. Check List 10:217–220.",the Mammalogy Division of Museo de Zoología at the Pontificia Universidad Católica del Ecuador (QCA),NA,NA
BFR117,Calonge-Camargo & Perez-Torres,2018,Article,"Calonge-Camargo, B., and J. Pérez-Torres. 2018. Ectoparasites (Polyctenidae, Streblidae, Nycteribiidae) of bats (Mammalia: Chiroptera) from the Caribbean region of Colombia. Therya 9:171–178.",NA,NA,NA
BFR118,Capllonch et al.,1997,Article,"Capllonch, P., a Autino, M. Diaz, R. M. Barquez, and M. Goytia. 1997. Los mamiferos del parque biologico Sierra de San Javier, Tucuman, Argentina: Observaciones sobre su sistematica y distribucion. Mastozoologia Neotropical 4:49–71.",NA,NA,NA
BFR119,Claps et al.,2000,Article,"Claps, G. L., A. G. Autino, and R. M. Barquez. 2000. Nuevos registros de Streblidae (Diptera) para la Argentina. Acta Zoológica Mexicana 80:241–243.",Colección Mamíferos Lillo (CML),"Colección de Anexos (ACML), de la Universidad Nacional de Tucumán y Fundación Miguel Lillo.",NA
BFR120,Coimbra et al.,1984,Article,"Coimbra Jr., C. E. A., L. R. Guimarães, and D. A. Mello. 1984. Ocorrência de Streblidae (Diptera: Pupipara) em morcegos capturados em regiões de Cerrado do Brasil Central. Revista Brasileira de Entomologia 28:547–550.",Museo de Zoologia da Universidade de São Paulo e Departamento de Biologia especial da Universidade Federal de Pernambuco,NA,NA
BFR121,Curran ,1935,Article,"Curran, C. H. 1935. New species of Nycteribiidae and Streblidae (Diptera). Page American Museum Novitates. The American Museum of Natural History, New York, NY.",NA,NA,NA
BFR122,Silva et al.,2019,Article,"Silva, S. S. P. da, P. G. Guedes, J. C. de Almeida, and A. P. Cruz. 2019. Bionomics and biology of bats (Mammalia - Chiroptera) in an Atlantic forest remnant: Parque Estadual da Pedra Branca (Rio de Janeiro, Brazil). Natureza online 17:1–15.","Adriano Lúcio Peracchi collection (ALP), currently housed in the Institute of Biology of the Federal Rural University of Rio de Janeiro (Seropédica, Rio de Janeiro, Brazil)","Acarological Collection in Oswaldo Cruz Institute, Fiocruz (Rio de Janeiro, Brazil)",NA
BFR123,Silva et al.,2021,Article,"Silva, S. S., P. Gonçalves Guedes, F. Silva Severino, and J. Cardoso Almeida. 2021. Biology and parasites of Pteronotus gymnonotus from the Caatinga shrublands of Ceará (Brazil). Therya 12:131–137.","Adriano Lúcio Peracchi collection (ALP), currently housed in the Institute of Biology of the Federal Rural University of Rio de Janeiro (Seropédica, Rio de Janeiro, Brazil)","Acarological Collection in Oswaldo Cruz Institute, Fiocruz (Rio de Janeiro, Brazil)",NA
BFR124,Dias et al.,1942,Book,"Dias, E., G. B. Mello, O. Costa, R. G. Damasceno, and M. Azevedo. 1942. Investigações sôbre esquisotripanose de morcegos no Estado do Pará: Encontro do barbeiro Cavernicola pilosa como transmissor. Revista Brasileira de Biologia 2:103–110.",NA,NA,NA
BFR125,Dick & Wenzel,2006,Article,"Dick, C. W., and R. L. Wenzel. 2006. A new genus and species of trichobiine bat flies (Diptera: Hippoboscoidea: Streblidae) from Costa Rica. Insect Systematics and Evolution 37:433–442.","Carnegie Museum of Natural Phyladelphia Pennsylvania USA (CM), University of Kansas Natural History Museum, USA (KU), Los Angeles County Museum of Natural History, Los Angeles, Californis (LACM), Museo Nacional de Costa Rica, San José, costa Rica (MNCR), and United States National Museum of Natural History, Washintong, D.C., USA (USNM)","Carnegie Museum of Natural Phyladelphia Pennsylvania USA (CM),  Universidade de São Paulo, São Paulo, Brazil (MZUSP), Field Museum of Natural History, Chicago, Illinois (FMNH), Los Angeles County Museum of Natural History, Los Angeles, Californis (LACM), Museo Nacional de Costa Rica, San José, costa Rica (MNCR), and United States National Museum of Natural History, Washintong, D.C., USA (USNM)",NA
BFR126,Dick ,2013,Article,"Dick, C. W. 2013. Review of the Bat Flies of Honduras, Central America (Diptera: Streblidae). Journal of Parasitology Research 2013:1–17.",NA,NA,NA
BFR127,Dick et al ,2007,Article,"Dick, C. W., D. Gettinger, and S. L. Gardner. 2007. Bolivian ectoparasites: A survey of bats (Mammalia Chiroptera). Comparative Parasitology 74:372–377.",NA,"Harold W. Manter Laboratory of Parasitology, University of Nebraska–Lincoln, NE (HWML) and Field Museum of Natural History, Chicago, IL (FMNH).",NA
BFR128,Fox & Stabler,1953,Article,"Fox, R. M., and R. M. Stabler. 1953. Basilia calverti n. sp. (Diptera: Nycteribiidae) from the Interior Long-legged Bat. The Journal of Parasitology 39:22–27.",NA,NA,NA
BFR129,Fritz,1983,Article,"Fritz, G. N. 1983. Biology and ecology of bat flies (Diptera: Streblidae) on bats in the genus Carollia. Journal of Medical Entomology 20:1–10.",NA,NA,NA
BFR130,González et al,2004,Article,"González D., P. E., A. Santos M., and R. J. Miranda. 2004. Streblidae (Diptera: Pupipara) Ectoparásitos de murciélagos, en las tierras bajas del Parque Nacional Darién, Provincia Darién, Panama. Tecnociencia 6:161–171.",NA,NA,NA
BFR131,Claps et al,2005,Article,"Claps, G. L., A. G. Autino, and R. M. Barquez. 2005. Streblidae de murciélagos de Lima : dos citas nuevas para Per. Revista de la Sociedad Entomológica Argentina 64:95–98.",NA,NA,NA
BFR132,Bradshaw & Ross,1961,Article,"Bradshaw, G. V. R., and A. Ross. 1961. Ectoparasites of Arizona Bats. Journal of the Arizona Academy of Science 1:109.",NA,NA,NA
BFR133,Gonzalez-Avalos et al.,2014,Article,"González-Ávalos, C., D. A. Macías-Díaz, A. Macip-Castañeda, A. Mendez-Andrade, K. P. Ortiz-García, and K. D. Rivera-García. 2014. Ectoparásitos (Diptera: Streblidae) asociados a Desmodus rotundus en el sur del estado de Puebla, México. Entomología Mexicana 1:973–977.",NA,NA,NA
BFR134,Guimarães,1966,Article,"Guimarães, L. R. 1966. Nycteribiid Baflies from Panama (Diptera: Nycteribiidae). Pages 393–404 in R. L. Wenzel and V. J. Tipton, editors. Ectoparasites of Panama. Field Museum of Natural History, Chicago, IL.",NA,"Chicago Natural History Museum and Departamento de Zoologia, Secretaria de Agricultura, São Paulo, Brazil
",NA
BFR135,Guimarães,1972,Article,"Guimarães, L. R. 1972. Venezuelan Nycteribiid batflies (Diptera: Nycteribiidae). Brigham Young University science bulletin. 17:1–11.",NA,NA,NA
BFR136,Guimarães,1977,Article,"Guimarães, L. R. 1977. Supplementary note on Venezuelan bat flies (Diptera: Nycteribiidae). Western North American Naturalist 37:221–224.",NA,NA,NA
BFR137,Guimarães,1937,Article,"Guimarães, L. R. 1937. Sobre as espécies Sul Americanas do Género Trichobius (Diptera-Streblidae). Revista do Museu Paulista 23:653–666.",NA,NA,NA
BFR138,Herrera & Jara ,2008,Article,"Herrera, N. I., and C. A. Jara. 2008. Registro de Trichobius ( Diptera : Streblidae ) en murciélagos de Amazonas , Perú. Rebiol 28:4.",NA,NA,NA
BFR139,Hoffman,1953,Article,"Hoffmann, A. 1953. Estado actual del conocimiento de los estreblidos mexicanos. (Diptera: Pupipara). Pages 175–193 Memorias del Congreso Científico Mexicano VII: Ciencias Biológicaas. Universidad Nacional Autónoma de México, Ciudad de Mexico.",NA,NA,NA
BFR140,Lievano-Romero et al,2019,Article,"Liévano-Romero, K. S., M. E. Rodríguez-Posada, and J. A. Cortés-Vecino. 2019. NUEVOS REGISTROS DE ECTOPARÁSITOS DE MURCIÉLAGOS EN SABANAS INUNDABLES DE LA ORINOQUÍA COLOMBIANA. Mastozoología Neotropical 26:377–389.",NA,NA,NA
BFR141,Maa,1968,Article,"Maa, T. C. 1968. NEW BASILIA SPECIES FROM THAILAND , MEXICO AND BRAZIL (Diptera: Nycteribiidae). Pacific Insects 10:25–32.",NA,NA,NA
BFR142,Menezes-Junior et al,2021,Article,"Menezes Júnior, L. F., D. M. C. Santos, A. C. D. P. Menezes, and A. L. Peracchi. 2021. Ectoparasitic flies (Diptera: Streblidae) on bats (Mammalia: Chiroptera) from a Private Natural Heritage Reserve in southeastern Brazil. Papéis Avulsos de Zoologia 61:e20216102.",NA,NA,NA
BFR143,Moreno-Valdez,1998,Article,"Moreno-Valdez, A. 1998. Mamiferos del Cañon de Huajuco, municipio de Santiago, Nuevo Leon, Mexico. Revista Mexicana de Mastozoología 3:5–25.",NA,NA,NA
BFR144,Morse et al.,2012,Article,"Morse, S. F., C. W. Dick, B. D. Patterson, and K. Dittmar. 2012. Some Like It Hot: Evolution and Ecology of Novel Endosymbionts in Bat Flies of Cave-Roosting Bats (Hippoboscoidea, Nycterophiliinae). Applied and Environmental Microbiology 78:8639–8649.",NA,NA,NA
BFR145,Oliveira et al.,2020,Article,"Oliveira, R. D. S. D., S. S. Pereira da Silva, P. G. Guedes, and J. C. De Almeida. 2020. Biologia e parasitologia do morcego insetívoro aéreo Myotis nigricans (Schinz, 1821) (Chiroptera, Vespertilionidae) no município do Rio de Janeiro, Rio de Janeiro, Brasil. Boletim do Museu Paraense Emílio Goeldi - Ciências Naturais 15:633–642.",NA,NA,NA
BFR146,Oscherov et al.,2006,Article,"Oscherov, E. B., M. L. Chatellenaz, and A. M. F. ((Universdad N. del N. F. de C. E. y N. y A. L. de B. de L. P. Milano. 2006. Basilia Carteri (Diptera: Nycteribiidae) En Murcielagos De La Reserva Provincial Ibera (Corrientes, Argentina). FACENA 22:3–6.",NA,NA,NA
BFR147,Oscherov et al.,2012,Article,"Oscherov, E. B., F. M. Idoeta, and A. M. F. Milano. 2012. Nuevos registros de ectoparásitos (Insecta: Diptera) de murciélagos (Chiroptera) del nordeste Argentino. FACENA 28:63–68.",NA,NA,NA
BFR148,Hoffman et al.,1980,Article,"Hoffmann, A., J. G. Palacios-Vargas, and J. B. Morales. 1980. Bioecología de la Cueva de Ocotitlán , Tepoztlán , Morelos. Folia Entomológica Mexicana 43:21–22.",NA,NA,NA
BFR149,Parmelee,1955,Article,"Parmalee, P. W. 1955. A Nycteribiid Fly New to Illinois. The Journal of Parasitology 41:322.",NA,NA,NA
BFR150,Overal,1980,Article,"Overal, W. L. 1980. Host-relations of the Batfly Megistopoda aranea (Diptera: Streblidae) in Panamá. The University of Kansas Science Bulletin 52:1–20.",NA,NA,NA
BFR151,Patricio et al.,2016,Article,"Patricio, P. M. P., E. C. Lourenço, and K. M. Famadas. 2016. Artrópodes hematófagos de morcegos em refúgios urbanos no Estado do Rio de Janeiro. Revista Brasileira de Medicina Veterinaria 38:75–87.",NA,NA,NA
BFR152,Peterson,1960,Article,"Peterson, B. V. 1960. New distribution and host records for bat flies, and a key to the North American species of Basilia Ribeiro (Diptera: Nycteribiidae). Proceedings of the Entomological Society of Ontario 90:30–37.",NA,NA,NA
BFR153,Peterson,1963,Article,"Peterson, B. V. 1963. Additional Records of Some American Bat Flies (Diptera: Nycteribiidae). Proceedings of the Entomological Society of Ontario 93:93–94.",NA,NA,NA
BFR154,Peterson and Hůrka,1974,Article,"Peterson, B. V., and K. Hůrka. 1974. Ten new species of bat flies of the genus trichobius (Diptera: Streblidae). The Canadian Entomologist 106:1049–1066.",NA,"Americam Museum of Natural History, United Stated. Canadian National Collection of Insects, Canada. Field Museum of Natural History, United Stated. Science Museum Institute of Jamaica, Jamaica. Museum of Comparative Zoology, Harvard University, United States. Stanford University Natural History Museum, United States. Deparment of Systematic Zoology Charles University, Czecho. United States National Museum of Natural History, United States. ",NA
BFR155,Peterson and Maa,1970,Article,"Peterson, B. V., and T. C. Maa. 1970. A new species of Basilia (Diptera: Nycteribiidae) from Colombia. The Canadian Entomologist 102:1519–1523.",NA,"Canadian National Collention, Otawa, Canada",NA
BFR156,Peterson and Lacey,1985,Article,"Peterson, B. V., and L. A. Lacey. 1985. A New Species Of Hershkovitzia (Diptera, Nycteribiidae) From Brazil, With A Key To The Described Species Of The Genus. Proceedings of The Entomological Society of Washington 87:578–582.",NA,"Museu de Zoologia da Universidade de São Paulo, Brazil",NA
BFR157,Raigosa Álvarez et al.,2020,Article,"Raigosa Álvarez, J. R., C. García Osorio, A. G. Autino, and L. Gomes Dias. 2020. First records of ectoparasitic insects (Diptera: Hippoboscoidea) of bats in the department of Caldas, Colombia. Papeis Avulsos de Zoologia 60:1–9.",NA,NA,NA
BFR158,Reisen et al.,1976,Article,"Reisen, W. K., M. L. Kennedy, and N. T. Reisen. 1976. Winter Ecology of Ectoparasites Collected from Hibernating Myotis velifer (Allen) in Southwestern Oklahoma (Chiroptera : Vespertilionidae). The Journal of Parasitology 62:628–635.",NA,NA,NA
BFR159,Saldaña-Vázquez et al.,2013,Article,"Saldaña-Vázquez, R. A., A. A. Castro-Luna, C. A. Sandoval-Ruiz, J. R. Hernández-Montero, and K. E. Stoner. 2013. Population Composition and Ectoparasite Prevalence on Bats ( Sturnira ludovici ; Phyllostomidae) in Forest Fragments and Coffee Plantations of Central Veracruz, Mexico. Biotropica 45:351–356.",NA,NA,NA
BFR160,Smit & Miller,2019,Article,"Smit, J. T., and J. Miller. 2019. Bat Ectoparasites from Sint Eustatius, Lesser Antilles (Diptera: Hippoboscidae: Streblinae; Hemiptera: Polyctenidae). Journal of Parasitology 105:45.",NA,NA,NA
BFR161,Tonn & Arnold,1963,Article,"Tonn, R. J., and K. Arnold. 1965. Ectoparásitos de aves y mamíferos de Costa Rica: I. Diptera. Revista De Biologia Tropical 11:171–176.",Museo Universidad de Lousiana. Museo Universidad de Costa Rica,"Escuela de Microbiologia, de la Universidad de Costa Rica. Museo de Historia Natural de la Universidad del Estado de Louisiana",NA
BFR162,Uberlaker,1966,Article,"Ubelaker, J. E. 1966. Parasites of the Gray Bat, Myotis grisescens, in Kansas. American Midland Naturalist 75:199–204.",NA,NA,NA
BFR163,Urbieta et al.,2014,Article,"Urbieta, G. L., J. M. Torres, L. B. M. Almeida, A. Shinohara, and E. A. C. Dos Anjos. 2014. Infestação de morcegos (Mammalia , Chiroptera) por moscas do gênero Megistopoda (Diptera , Streblidae) em um fragmgmento urbano de Cerrado de Campo Grande, Mato Grosso do Sul. Bol. Soc. Bras. Mastozool. 69:10–13.",coleção zoológica e entomológica da Universidade Católica Dom Bosco,coleção zoológica e entomológica da Universidade Católica Dom Bosco,NA
BFR164,Valdez et al.,2009,Article,"Valdez, E. W., C. M. Ritzi, and J. O. Whitaker. 2009. Ectoparasites of the Occult Bat, Myotis occultus (Chiroptera: Vespertilionidae). Western North American Naturalist 69:364–370.","Museum of Southwestern Biology (MSB), University of New Mexico, Albuquerque",NA,NA
BFR165,Velazco et al.,2014,Article,"Velazco, P. M., A. G. Autino, and G. L. Claps. 2014. New record of the ectoparasite insect Speiseria ambigua Kessel, 1925 (Diptera: Streblidae) of Platalina genovensium Thomas, 1928 (Chiroptera: Phyllostomidae) from Peru. Check List 10:1525.","American Museum of Natural History, New York, USA (AMNH). The Centro de Ecología y Biodiversidad, Lima, Peru (CEBIO).","American Museum of Natural History, New York, USA (AMNH) and Colección de Anexos (ACML), de la Universidad Nacional de Tucumán y Fundación Miguel Lillo.",NA
BFR166,Whitaker & Easterla,1975,Article,"Whitaker, Jr., J. O., and D. A. Easterla. 1975. Ectoparasites of Bats from Big Bend National Park, Texas. Southwestern Association of Naturalists 20:241–254.",NA,NA,NA
BFR167,Zeve,1958,Article,"Zeve, V. B. 1958. Notes on the Biology and Distribution of Trichobius in Northwest Oklahoma (Diptera, Streblidae). Proceedings of Oklahoma Academy of Science 39:44–49.",NA,NA,NA
BFR168,Alcantara et al.,2022,Article,"Alcantara, D. M. C., G. Graciolli, R. Toma, and C. S. Souza. 2022. Sex-biased parasitism, host mass and mutualistic bat flies: an antagonistic individual-based network of bat-bat fly interactions. International Journal for Parasitology 52:217–224.",NA,NA,NA
BFR169,Bezerra & Bocchiglieri,2022,Article,"Bezerra, R. H. S., and A. Bocchiglieri. 2022. Ectoparasitic flies of bats (Mammalia: Chiroptera) in urban green areas of northeastern Brazil. Parasitology Research.",NA,NA,NA
BFR170,Carvalho et al.,2022,Article,"Carvalho, J. L. V. R., J. M. S. Lima, E. Barbier, E. Bernard, J. D. P. Bezerra, and C. M. Souza-Motta. 2022. Ticket to ride: fungi from bat ectoparasites in a tropical cave and the description of two new species. Brazilian Journal of Microbiology 53:2077–2091.",NA,NA,NA
BFR171,Castillo-Urbina et al.,2022,Article,"Castillo Urbina, S. de F., R. Estrada Hernández, Y. Aguirre Obando, O. Rodríguez Flores, and J. Pérez Soto. 2022. Moscas ectoparásitas (Diptera: Streblidae) en murciélagos del Parque Nacional Volcán Masaya. Revista Nicaragüense de Entomología 278:1–20.",NA,NA,NA
BFR172,Gómez-Corea et al.,2022,Article,"Gómez-Corea, W., F. G. España, D. Mejía-Quintanilla, and M. R. del V. Alvarez. 2022. Bat fly (Diptera: Streblidae) and common vampire bat (Chiroptera: Phyllostomidae) association in Honduras: prevalence, mean intensity, infracommunities and influence of the biological characteristics of the host. Zoologia (Curitiba) 39:1–11.",NA,NA,NA
BFR173,Mello et al.,2022,Article,"Mello, R. M., R. S. Laurindo, L. C. Silva, M. V. Pyles, L. F. O. Bernardi, M. C. S. Mancini, W. Dáttilo, and R. Gregorin. 2022. Configuration and composition of human-dominated tropical landscapes affect the prevalence and average intensity of mite and fly infestation in Phyllostomidae bats. Parasitology Research.",NA,NA,NA
BFR174,Da silva Reis et al.,2022,Article,"da Silva Reis, A., R. de Almeida Zampaulo, G. D. P. Dornelles, G. Graciolli, and S. A. Talamoni. 2022. Variation of dipteran ectoparasites (Streblidae) on Anoura geoffroyi Gray, 1838 (Phyllostomidae) in two caves in southeastern Brazil. Parasitology Research 121:255–265.",Coleção Zoológica from the Universidade Federal do Mato Grosso do Sul (ZUFMS).,NA,NA
BFR175,Speer et al.,2022,Article,"Speer, K. A., T. S. M. Teixeira, A. M. Brown, S. L. Perkins, K. Dittmar, M. R. Ingala, C. Wultsch, K. Krampis, C. W. Dick, S. C. Galen, N. B. Simmons, and E. L. Clare. 2022. Cascading effects of habitat loss on ectoparasite-associated bacterial microbiomes. ISME Communications 2:67.",NA,NA,NA
BFR176,Tlapaya-Romero et al.,2023,Article,"Tlapaya-Romero, L., A. García-Méndez, and M. M. Ramírez-Martínez. 2023. A new species of Trichobius (Diptera: Streblidae) from Mexico and new record of Paratrichobius americanus. Systematic Parasitology.",Laboratorio de Ecolog ́ıa y Zoonosis of the Universi- dad de Guadalajara,NA,NA
BFR177,Bellizzi et al.,2022,Article,"Bellizzi, I., S. Silva, P. Guedes, and J. Almeida. 2022. The natural history of the Stenodermatinae Chiroderma doriae vizottoi Taddei and Lim 2010 (Chiroptera, Phyllostomidae) in a semiarid region from Brazil. Mammalia, 86:247–251.",NA,NA,NA